Age,Sex,Job,Housing,Saving accounts,Checking account,Credit amount,Duration,Purpose,Risk
-0.12303034646991157,1,0.17977106606946672,1,1.0,1.0,-0.866979226241651,-1.4259538929934756,3,0
-1.2815757539617434,2,0.17977106606946672,1,1.0,2.0,2.1598889290807257,-0.07038529270717342,3,1
1.5621266098818438,1,-1.3782448398659108,1,1.0,2.0,-0.28021494770048766,-0.7481695928503246,6,0
1.140837370793905,1,0.17977106606946672,3,1.0,1.0,-0.18273738686409158,2.6407519078654316,2,1
1.9834158489697828,1,0.17977106606946672,3,1.0,1.0,1.475647089703166,0.6073990074359777,1,1
0.08761427307405786,1,-1.3782448398659108,3,1.0,2.0,-0.18273738686409158,1.96296760772228,6,1
1.9834158489697828,1,0.17977106606946672,1,3.0,2.0,0.187550750079361,0.6073990074359777,2,1
0.08761427307405786,1,1.7377869720048444,2,1.0,2.0,2.790961189820251,1.96296760772228,1,1
-0.6496418953298352,1,1.7377869720048444,1,1.0,2.0,1.7060485971346477,1.285183307579129,1,1
-0.9656088246457893,2,0.17977106606946672,2,1.0,2.0,-0.7872248582845996,-0.7481695928503246,1,0
-1.070931134417774,2,0.17977106606946672,2,1.0,1.0,1.1199172897677467,-0.07038529270717342,7,1
-1.2815757539617434,2,0.17977106606946672,1,1.0,2.0,-0.6150566988852507,-0.7481695928503246,3,0
2.720672017373676,1,-1.3782448398659108,1,1.0,1.0,-0.8479900910137816,0.6073990074359777,1,0
-0.6496418953298352,2,0.17977106606946672,2,1.0,1.0,-0.71886397146427,-0.40927744277874895,1,0
-0.22835265624189627,2,-1.3782448398659108,1,2.0,1.0,-0.7954534835500097,0.6073990074359777,3,0
1.9834158489697828,1,0.17977106606946672,1,1.0,2.0,-0.07260040254244927,0.6073990074359777,3,1
-0.9656088246457893,1,0.17977106606946672,1,1.0,1.0,-0.18273738686409158,1.285183307579129,7,1
-0.333674966013881,1,0.17977106606946672,1,3.0,2.0,0.5641685987654367,0.6073990074359777,3,1
1.4568043001098592,1,0.17977106606946672,1,1.0,2.0,-0.2561620430785198,-1.0870617429219,1,0
1.0355150610219204,1,0.17977106606946672,2,3.0,1.0,0.06855216931804632,-1.4259538929934756,3,1
1.4568043001098592,1,-1.3782448398659108,2,1.0,1.0,-0.1884341274324524,-0.9740976928980416,1,0
1.0355150610219204,1,0.17977106606946672,1,2.0,2.0,-0.46504253058508277,-0.7481695928503246,1,0
-0.8602865148738046,1,0.17977106606946672,1,1.0,2.0,-0.29730516940557006,-0.9740976928980416,2,0
0.1929365828460426,1,-1.3782448398659108,1,1.0,1.0,-0.737220135517877,-1.4259538929934756,2,0
0.5089035121619967,1,-1.3782448398659108,1,1.0,2.0,-1.337276808718549,-1.4259538929934756,3,0
-0.01770803669792685,1,0.17977106606946672,1,1.0,2.0,-0.07829714311081008,-1.3129898429696172,3,1
-0.7549642051018198,1,0.17977106606946672,1,1.0,1.0,0.9376215915802009,0.6073990074359777,2,1
-0.4389972757858657,1,0.17977106606946672,1,2.0,2.0,2.106086379268429,-0.07038529270717342,1,1
2.4047050880577214,1,-1.3782448398659108,2,1.0,2.0,-0.8068469646867313,-0.7481695928503246,7,0
-0.12303034646991157,2,1.7377869720048444,1,1.0,3.0,-0.6739230180916458,-0.7481695928503246,2,0
-0.9656088246457893,1,-1.3782448398659108,1,1.0,2.0,1.3971586640946394,-0.07038529270717342,3,1
-0.333674966013881,1,0.17977106606946672,3,1.0,2.0,2.2605313457884333,-0.07038529270717342,6,1
0.2982588926180273,1,0.17977106606946672,1,1.0,3.0,-0.2776830630034384,-0.07038529270717342,3,0
0.2982588926180273,1,0.17977106606946672,1,1.0,3.0,-0.8315328404829615,-0.9740976928980416,4,0
-1.070931134417774,1,0.17977106606946672,1,1.0,2.0,-1.317021731142155,-1.0870617429219,3,0
-0.4389972757858657,1,1.7377869720048444,1,3.0,2.0,-0.13020077940031968,1.285183307579129,3,1
-0.8602865148738046,1,0.17977106606946672,1,3.0,2.0,-0.8739419091585364,-0.7481695928503246,3,0
1.0355150610219204,1,-1.3782448398659108,1,1.0,2.0,2.3200306361690908,-0.07038529270717342,5,1
-1.070931134417774,1,0.17977106606946672,2,2.0,1.0,2.3092701262066315,1.285183307579129,1,1
2.5100273978297065,2,-1.3782448398659108,3,1.0,1.0,2.2814193945390895,-0.07038529270717342,1,1
0.08761427307405786,2,1.7377869720048444,1,1.0,2.0,-0.725193683206893,-0.8611336428741831,1,0
0.5089035121619967,1,0.17977106606946672,1,3.0,2.0,-0.1517217993252383,1.96296760772228,3,0
-1.1762534441897587,2,-2.9362607458012886,2,3.0,1.0,-0.7511455013516478,-1.4259538929934756,1,0
0.5089035121619967,1,-1.3782448398659108,1,1.0,2.0,2.9681931186136983,-0.8611336428741831,1,1
-0.6496418953298352,2,0.17977106606946672,1,2.0,2.0,-0.2947732847085208,-0.7481695928503246,3,0
-0.5443195855578504,1,-1.3782448398659108,1,1.0,2.0,-0.13020077940031968,0.6073990074359777,2,1
-0.4389972757858657,1,1.7377869720048444,1,1.0,2.0,2.168750525520398,0.9462911575075532,1,1
-0.9656088246457893,1,0.17977106606946672,1,1.0,2.0,-0.808112907035256,-0.7481695928503246,3,0
-0.333674966013881,1,0.17977106606946672,1,1.0,2.0,0.5312540977037965,-0.07038529270717342,1,1
2.4047050880577214,1,0.17977106606946672,3,1.0,2.0,-0.19856166622064939,1.96296760772228,1,0
-0.8602865148738046,1,-1.3782448398659108,1,1.0,2.0,-1.1113060995069035,-1.4259538929934756,1,0
1.878093539197798,1,1.7377869720048444,1,1.0,2.0,2.487135026174341,-0.7481695928503246,3,1
-0.333674966013881,2,0.17977106606946672,1,1.0,2.0,-0.18273738686409158,1.96296760772228,3,1
-1.1762534441897587,2,1.7377869720048444,1,1.0,3.0,-0.36566605622589976,-0.07038529270717342,1,0
-1.1762534441897587,2,-1.3782448398659108,2,1.0,1.0,2.3358549155256485,1.96296760772228,2,1
-0.7549642051018198,1,0.17977106606946672,1,1.0,2.0,-0.7264596255554177,-1.0870617429219,7,0
1.6674489196538287,1,0.17977106606946672,1,1.0,2.0,-0.6340458341131201,-0.40927744277874895,3,0
2.8259943271456605,1,1.7377869720048444,3,1.0,2.0,-0.3707298256199983,1.96296760772228,7,0
-0.8602865148738046,2,0.17977106606946672,1,1.0,2.0,0.40655877637412097,0.6073990074359777,3,1
1.4568043001098592,1,0.17977106606946672,1,1.0,2.0,1.678197865467106,0.9462911575075532,5,1
-0.5443195855578504,2,0.17977106606946672,1,1.0,2.0,-0.23274210963081424,-0.7481695928503246,3,0
0.2982588926180273,1,0.17977106606946672,3,1.0,2.0,-0.4555479629711481,1.96296760772228,6,0
-0.9656088246457893,2,0.17977106606946672,1,1.0,2.0,-0.09158953777031864,1.96296760772228,3,1
-0.4389972757858657,2,0.17977106606946672,1,1.0,2.0,-0.18273738686409158,1.96296760772228,1,1
1.2461596805658897,1,-1.3782448398659108,2,1.0,2.0,-1.144853571742806,-1.3129898429696172,3,0
1.7727712294258133,1,1.7377869720048444,3,1.0,1.0,-0.8701440821129626,-1.2000257929457587,8,0
0.7195481317059662,2,-1.3782448398659108,1,1.0,2.0,2.1617878426035126,2.6407519078654316,7,1
0.6142258219339815,1,1.7377869720048444,1,1.0,1.0,-0.3555385174377028,1.96296760772228,6,0
-0.12303034646991157,1,1.7377869720048444,3,1.0,1.0,-0.6410085170300055,-0.7481695928503246,1,0
-0.01770803669792685,1,0.17977106606946672,1,1.0,1.0,0.9028081769957736,2.6407519078654316,3,1
1.7727712294258133,1,0.17977106606946672,1,1.0,2.0,1.4129829434511971,-0.8611336428741831,3,1
0.5089035121619967,1,-1.3782448398659108,1,1.0,2.0,-0.18273738686409158,-0.07038529270717342,1,1
-1.2815757539617434,1,0.17977106606946672,1,1.0,2.0,0.8186230108188862,1.285183307579129,2,1
1.0355150610219204,2,0.17977106606946672,1,1.0,2.0,2.1548251596866272,0.6073990074359777,3,1
1.3514819903378745,1,0.17977106606946672,1,3.0,2.0,-0.8391284945741092,-0.40927744277874895,3,0
-1.070931134417774,2,-1.3782448398659108,2,2.0,2.0,-0.6144237277109884,-0.07038529270717342,7,0
2.5100273978297065,2,-1.3782448398659108,1,1.0,1.0,-0.4960581181239361,0.6073990074359777,8,0
1.878093539197798,1,-1.3782448398659108,1,1.0,1.0,-0.1415942605370413,-0.9740976928980416,3,0
-0.5443195855578504,2,1.7377869720048444,1,1.0,2.0,-0.7131672308959092,-0.7481695928503246,7,0
-0.7549642051018198,2,0.17977106606946672,1,1.0,2.0,-0.7872248582845996,-0.07038529270717342,2,0
-0.4389972757858657,1,1.7377869720048444,1,2.0,1.0,-0.1833703580383539,-0.07038529270717342,1,0
-0.6496418953298352,1,0.17977106606946672,1,1.0,1.0,-0.905590467871652,-0.7481695928503246,5,0
2.299382778285737,1,0.17977106606946672,1,1.0,2.0,-1.2157463432601852,-0.7481695928503246,3,0
2.0887381587417675,1,0.17977106606946672,1,1.0,1.0,-0.7150661444186961,-0.7481695928503246,1,0
-0.12303034646991157,2,-1.3782448398659108,1,1.0,2.0,-1.1024445030672312,-0.7481695928503246,3,0
-1.492220373505713,1,0.17977106606946672,2,1.0,3.0,0.6825342083524891,0.6073990074359777,2,1
2.8259943271456605,2,0.17977106606946672,1,1.0,2.0,-0.3333845263385219,-0.7481695928503246,6,0
-0.01770803669792685,1,0.17977106606946672,1,2.0,2.0,0.05272788996148852,-0.07038529270717342,7,1
0.1929365828460426,1,0.17977106606946672,1,1.0,2.0,-0.12766889470327042,1.96296760772228,3,1
0.1929365828460426,1,1.7377869720048444,2,1.0,2.0,2.859955047814843,0.15554280734054365,1,1
0.7195481317059662,1,-1.3782448398659108,2,2.0,2.0,-0.6770878739629573,0.6073990074359777,1,0
-1.070931134417774,1,0.17977106606946672,2,1.0,2.0,-0.1365304911429428,1.96296760772228,3,1
-1.070931134417774,2,0.17977106606946672,1,1.0,2.0,-1.016993394541819,-1.4259538929934756,3,0
0.08761427307405786,1,0.17977106606946672,2,1.0,2.0,-0.3922508455449169,-1.0870617429219,2,0
-0.8602865148738046,1,0.17977106606946672,2,1.0,2.0,-0.05930800788294072,-0.7481695928503246,1,1
0.5089035121619967,1,1.7377869720048444,1,1.0,2.0,2.4808053144317177,-0.07038529270717342,1,1
-0.22835265624189627,1,0.17977106606946672,1,1.0,2.0,2.2402762682120394,-0.7481695928503246,1,1
-0.4389972757858657,2,0.17977106606946672,1,1.0,1.0,-0.18273738686409158,0.6073990074359777,2,1
0.08761427307405786,1,0.17977106606946672,1,3.0,2.0,-0.7144331732444338,-0.5222414928026076,7,0
-0.333674966013881,1,0.17977106606946672,1,2.0,2.0,-0.6897472974482036,-1.4259538929934756,7,0
-1.1762534441897587,2,0.17977106606946672,2,1.0,3.0,-1.3587978286434677,-0.40927744277874895,6,0
-0.6496418953298352,1,-1.3782448398659108,2,1.0,2.0,2.35547702192778,-0.07038529270717342,1,1
-0.9656088246457893,2,0.17977106606946672,1,1.0,2.0,-0.18273738686409158,1.96296760772228,1,1
0.08761427307405786,1,0.17977106606946672,1,3.0,1.0,-0.5435309561936095,-0.7481695928503246,3,0
1.3514819903378745,1,0.17977106606946672,1,1.0,2.0,0.6578483325562589,-0.07038529270717342,3,1
-0.4389972757858657,2,1.7377869720048444,1,1.0,1.0,2.934012675203533,2.6407519078654316,3,1
-0.7549642051018198,2,0.17977106606946672,2,1.0,1.0,-0.2574279854270444,-0.9740976928980416,2,0
-1.1762534441897587,2,0.17977106606946672,1,3.0,1.0,1.1028270680626642,1.6240754576507046,2,1
0.1929365828460426,1,1.7377869720048444,1,3.0,2.0,-0.10931273064966338,-0.7481695928503246,1,1
-0.9656088246457893,2,0.17977106606946672,1,1.0,1.0,-0.44542042418295114,0.2685068573644022,3,0
0.7195481317059662,2,1.7377869720048444,2,1.0,2.0,0.8414099730923295,0.6073990074359777,1,1
-1.070931134417774,1,-1.3782448398659108,2,1.0,2.0,-0.487829492858526,-0.7481695928503246,2,0
-0.12303034646991157,1,0.17977106606946672,3,1.0,3.0,-1.1125720418554281,-0.9740976928980416,1,0
-0.7549642051018198,2,0.17977106606946672,2,1.0,2.0,-0.3890859896736053,-0.07038529270717342,2,0
-0.4389972757858657,1,0.17977106606946672,1,1.0,1.0,-0.2643906683439298,-0.7481695928503246,1,0
0.6142258219339815,1,-1.3782448398659108,1,1.0,1.0,-1.163209735796413,-0.7481695928503246,3,0
-0.4389972757858657,1,0.17977106606946672,1,1.0,2.0,-1.2024539486006764,-0.7481695928503246,5,0
-0.01770803669792685,1,1.7377869720048444,1,1.0,2.0,-0.4295961448263933,-0.7481695928503246,1,0
-0.5443195855578504,2,0.17977106606946672,1,1.0,1.0,0.6078436097895362,-0.7481695928503246,1,1
-1.070931134417774,2,0.17977106606946672,1,1.0,2.0,-0.18273738686409158,-0.07038529270717342,1,1
-0.5443195855578504,1,0.17977106606946672,1,1.0,1.0,2.7523499481902496,1.96296760772228,6,1
-0.7549642051018198,1,-1.3782448398659108,1,1.0,2.0,0.10716341094804736,-0.40927744277874895,2,1
1.3514819903378745,1,0.17977106606946672,3,1.0,2.0,-0.3511077192178666,-0.07038529270717342,2,0
0.403581202390012,2,0.17977106606946672,1,1.0,2.0,-0.8220382728690269,-0.7481695928503246,3,0
-0.12303034646991157,1,-1.3782448398659108,1,3.0,2.0,-1.1220666094693628,-0.7481695928503246,3,0
0.08761427307405786,1,0.17977106606946672,1,1.0,2.0,0.11982283443329361,-0.40927744277874895,3,1
1.0355150610219204,2,-1.3782448398659108,2,1.0,3.0,-0.41630375016688476,-0.7481695928503246,3,0
-0.4389972757858657,2,1.7377869720048444,1,1.0,2.0,1.4281742516334925,1.96296760772228,3,1
-0.7549642051018198,1,1.7377869720048444,1,1.0,1.0,0.5553070023257644,0.9462911575075532,3,1
-1.2815757539617434,1,0.17977106606946672,1,1.0,1.0,-0.048547497920481415,-0.07038529270717342,2,1
-1.1762534441897587,2,0.17977106606946672,1,1.0,2.0,-0.15868448224212373,0.2685068573644022,2,0
-0.4389972757858657,1,0.17977106606946672,1,2.0,2.0,0.6502526784651111,-0.07038529270717342,7,1
0.5089035121619967,2,0.17977106606946672,1,1.0,1.0,-1.0625673190887055,-1.4259538929934756,1,0
1.7727712294258133,2,0.17977106606946672,1,2.0,2.0,-1.1752361881073972,-0.7481695928503246,1,0
-0.6496418953298352,1,0.17977106606946672,1,1.0,1.0,1.7927656480085845,1.96296760772228,2,1
0.8248704414779509,1,0.17977106606946672,3,2.0,2.0,-0.7549433283972218,-1.4259538929934756,3,0
0.403581202390012,1,0.17977106606946672,1,1.0,2.0,-0.3890859896736053,-0.9740976928980416,3,0
-1.070931134417774,1,0.17977106606946672,1,1.0,3.0,2.0946928981317074,1.96296760772228,3,1
0.1929365828460426,1,1.7377869720048444,2,2.0,2.0,2.8029876421312347,0.6073990074359777,7,1
-1.492220373505713,2,0.17977106606946672,2,1.0,1.0,-0.7954534835500097,-0.7481695928503246,2,0
1.4568043001098592,1,0.17977106606946672,1,2.0,1.0,-0.7916556565044358,-1.0870617429219,5,0
1.140837370793905,1,-1.3782448398659108,1,1.0,1.0,-1.39234530087937,-0.7481695928503246,6,0
0.403581202390012,1,0.17977106606946672,1,2.0,2.0,0.6160722350549463,0.6073990074359777,1,1
-0.01770803669792685,1,-1.3782448398659108,1,1.0,2.0,-0.40554324020442545,-1.4259538929934756,3,0
0.1929365828460426,1,0.17977106606946672,1,2.0,2.0,0.21097068352706655,0.6073990074359777,3,1
-0.4389972757858657,2,0.17977106606946672,1,1.0,2.0,-0.9391379401075546,-0.07038529270717342,1,0
0.1929365828460426,1,0.17977106606946672,1,3.0,2.0,-0.808112907035256,-0.40927744277874895,4,0
0.1929365828460426,1,0.17977106606946672,1,3.0,2.0,-1.0315517315498521,1.96296760772228,1,0
-0.22835265624189627,1,0.17977106606946672,1,3.0,2.0,0.27806562799887163,-1.4259538929934756,2,1
-0.12303034646991157,2,0.17977106606946672,1,1.0,1.0,-0.8910321308636189,-0.07038529270717342,2,0
-0.9656088246457893,2,0.17977106606946672,2,1.0,2.0,0.9072389752156099,0.6073990074359777,2,1
-0.333674966013881,1,0.17977106606946672,1,1.0,2.0,-0.3821233067567199,0.6073990074359777,7,0
-0.12303034646991157,1,0.17977106606946672,2,1.0,1.0,-1.0055999134050975,-0.40927744277874895,1,0
-0.8602865148738046,2,0.17977106606946672,1,1.0,2.0,-1.12396552299215,-0.7481695928503246,2,0
-0.01770803669792685,2,1.7377869720048444,1,1.0,2.0,-0.30047002527688166,0.6073990074359777,2,0
-0.12303034646991157,1,0.17977106606946672,1,1.0,2.0,-0.7119012885473845,-1.2000257929457587,3,0
-0.8602865148738046,1,0.17977106606946672,1,1.0,1.0,0.5540410599772397,0.2685068573644022,6,1
1.9834158489697828,2,1.7377869720048444,1,1.0,2.0,-0.18273738686409158,1.285183307579129,1,1
0.8248704414779509,1,0.17977106606946672,1,1.0,1.0,0.024244187119684478,-0.7481695928503246,2,1
1.878093539197798,1,0.17977106606946672,1,3.0,1.0,-1.3929782720536326,-1.4259538929934756,3,0
-0.333674966013881,1,1.7377869720048444,2,1.0,2.0,-0.36440011387737514,-0.7481695928503246,3,0
-0.12303034646991157,1,0.17977106606946672,1,1.0,1.0,-1.2454959884505137,0.2685068573644022,1,0
-0.6496418953298352,1,0.17977106606946672,1,1.0,2.0,-0.18273738686409158,1.96296760772228,7,1
-0.4389972757858657,1,1.7377869720048444,1,1.0,2.0,1.2129640523843066,1.96296760772228,7,1
0.6142258219339815,1,-1.3782448398659108,1,1.0,1.0,-0.5644190049442658,0.2685068573644022,1,0
0.1929365828460426,1,0.17977106606946672,1,1.0,2.0,-1.04737601090641,-0.07038529270717342,1,0
-0.333674966013881,1,0.17977106606946672,1,1.0,2.0,-0.7460817319575493,-0.40927744277874895,3,0
-0.12303034646991157,1,-2.9362607458012886,3,1.0,2.0,-0.8631813991960771,-0.29631339275489044,1,0
-1.492220373505713,1,0.17977106606946672,1,2.0,1.0,-1.1802999575014956,-0.7481695928503246,3,0
-0.12303034646991157,2,0.17977106606946672,1,1.0,2.0,0.44643596035264665,-0.07038529270717342,2,1
-0.01770803669792685,1,-1.3782448398659108,3,2.0,2.0,0.8262186649100339,-0.07038529270717342,7,1
0.1929365828460426,1,0.17977106606946672,1,1.0,2.0,0.8711596182826581,0.9462911575075532,7,1
-0.5443195855578504,1,0.17977106606946672,2,1.0,2.0,-0.2726192936093399,-1.4259538929934756,3,0
-1.3868980637337283,1,0.17977106606946672,2,2.0,2.0,0.3116131002347742,-0.07038529270717342,3,1
-0.01770803669792685,2,1.7377869720048444,1,1.0,2.0,-0.6568327963865633,-1.0870617429219,6,0
-0.6496418953298352,2,0.17977106606946672,1,1.0,2.0,-0.7321563661237785,-1.4259538929934756,3,0
-0.7549642051018198,2,0.17977106606946672,2,2.0,2.0,-1.0049669422308352,-0.7481695928503246,2,0
0.1929365828460426,1,0.17977106606946672,3,1.0,2.0,0.14007791200968758,0.6073990074359777,1,1
0.6142258219339815,1,1.7377869720048444,1,1.0,2.0,1.1129546068508611,-0.07038529270717342,2,1
1.878093539197798,1,0.17977106606946672,1,3.0,2.0,-1.0144615098447698,-1.0870617429219,6,0
-0.7549642051018198,1,-1.3782448398659108,1,1.0,1.0,-0.8676121974159133,-0.7481695928503246,1,0
-0.8602865148738046,1,0.17977106606946672,1,1.0,2.0,1.6319909697459571,0.9462911575075532,7,1
-1.3868980637337283,1,0.17977106606946672,2,1.0,1.0,-1.0359825297696885,-0.7481695928503246,6,0
0.403581202390012,1,-1.3782448398659108,1,1.0,2.0,-0.6606306234321372,-0.7481695928503246,1,0
0.403581202390012,1,1.7377869720048444,3,1.0,1.0,-0.18273738686409158,1.285183307579129,1,1
0.9301927512499356,1,0.17977106606946672,1,1.0,2.0,-0.3821233067567199,-0.7481695928503246,2,0
-0.8602865148738046,1,0.17977106606946672,1,1.0,2.0,-0.7055715768047613,-0.7481695928503246,4,0
-1.3868980637337283,1,-1.3782448398659108,1,1.0,1.0,2.550432143600572,0.6073990074359777,7,1
-0.12303034646991157,1,0.17977106606946672,1,1.0,2.0,0.3388308607280536,-1.0870617429219,3,1
1.140837370793905,2,-1.3782448398659108,1,1.0,2.0,0.8205219243416731,1.96296760772228,3,1
1.6674489196538287,1,0.17977106606946672,1,1.0,1.0,1.743393896416124,0.9462911575075532,7,1
-0.12303034646991157,1,1.7377869720048444,1,1.0,3.0,-0.3992135284618023,1.285183307579129,7,0
1.7727712294258133,1,0.17977106606946672,1,1.0,2.0,0.5084671354303533,1.96296760772228,3,1
0.5089035121619967,2,-1.3782448398659108,1,1.0,2.0,-1.016993394541819,-1.4259538929934756,6,0
-0.333674966013881,1,0.17977106606946672,1,1.0,1.0,0.35781999595592295,-0.07038529270717342,7,1
-1.1762534441897587,1,0.17977106606946672,1,1.0,3.0,0.8698936759341335,1.96296760772228,3,1
-1.070931134417774,1,-1.3782448398659108,2,1.0,1.0,0.30528338849215103,0.6073990074359777,2,1
-0.12303034646991157,2,0.17977106606946672,1,1.0,2.0,-0.7435498472605001,-0.9740976928980416,1,0
-0.8602865148738046,1,-1.3782448398659108,1,1.0,2.0,-1.2113155450403488,-0.7481695928503246,3,0
-1.1762534441897587,2,0.17977106606946672,2,1.0,1.0,-0.8473571198395193,-0.7481695928503246,6,0
-0.4389972757858657,1,0.17977106606946672,1,1.0,2.0,-1.1594119087508392,-0.7481695928503246,3,0
-0.22835265624189627,1,0.17977106606946672,1,1.0,2.0,0.27806562799887163,0.6073990074359777,7,1
-0.4389972757858657,1,0.17977106606946672,1,1.0,2.0,1.3408242295852935,-0.40927744277874895,1,1
-0.7549642051018198,1,0.17977106606946672,1,1.0,2.0,0.04703114939312771,1.96296760772228,5,1
1.9834158489697828,1,1.7377869720048444,3,1.0,1.0,-0.18273738686409158,-0.7481695928503246,2,1
-1.2815757539617434,1,0.17977106606946672,1,1.0,2.0,-0.6713911333945966,-1.0870617429219,3,0
-1.2815757539617434,1,0.17977106606946672,3,1.0,1.0,0.386303698797727,0.6073990074359777,2,1
-0.8602865148738046,1,0.17977106606946672,1,1.0,3.0,1.05788611469004,1.96296760772228,3,1
1.7727712294258133,1,-1.3782448398659108,3,3.0,2.0,-0.020063795078677372,-1.0870617429219,1,1
0.08761427307405786,1,0.17977106606946672,1,2.0,2.0,-0.2517312448586836,-0.7481695928503246,3,0
-0.9656088246457893,1,-1.3782448398659108,1,1.0,2.0,-1.0587694920431316,-0.07038529270717342,3,0
0.8248704414779509,1,-1.3782448398659108,1,1.0,2.0,-0.6296150358932839,-1.6518819930411928,3,0
-0.4389972757858657,1,1.7377869720048444,1,1.0,1.0,-0.45301607827409884,0.6073990074359777,3,0
2.8259943271456605,1,-1.3782448398659108,2,2.0,2.0,0.14450871022952377,0.2685068573644022,7,1
0.08761427307405786,2,0.17977106606946672,1,1.0,2.0,-0.7897567429816489,-0.7481695928503246,3,0
0.5089035121619967,1,0.17977106606946672,1,1.0,1.0,-0.01056922746474269,1.285183307579129,3,1
-0.5443195855578504,2,0.17977106606946672,1,1.0,1.0,-1.0277539045042783,0.6073990074359777,1,0
1.7727712294258133,1,0.17977106606946672,1,1.0,2.0,-0.5973335060059061,-1.4259538929934756,3,0
-1.070931134417774,1,0.17977106606946672,3,1.0,1.0,1.3079097285236534,-0.07038529270717342,1,1
-0.7549642051018198,2,0.17977106606946672,1,1.0,2.0,-0.856851687453454,-0.7481695928503246,7,0
0.08761427307405786,2,-1.3782448398659108,1,3.0,2.0,0.574929108727896,-0.7481695928503246,6,1
-0.9656088246457893,1,0.17977106606946672,1,1.0,2.0,-0.8106447917323052,0.6073990074359777,7,0
1.878093539197798,1,0.17977106606946672,1,1.0,2.0,-1.1530821970082161,-0.7481695928503246,3,0
0.08761427307405786,1,0.17977106606946672,2,2.0,2.0,-0.8448252351424701,-1.4259538929934756,1,0
-0.8602865148738046,1,0.17977106606946672,1,1.0,3.0,-0.388453018499343,0.6073990074359777,2,0
-1.2815757539617434,2,0.17977106606946672,2,1.0,2.0,-1.3328460104987128,-0.07038529270717342,3,0
1.2461596805658897,2,-1.3782448398659108,1,1.0,3.0,-0.18210441568982927,-0.7481695928503246,2,0
-1.070931134417774,2,0.17977106606946672,1,1.0,2.0,-0.24603450429032278,1.285183307579129,1,0
0.08761427307405786,1,0.17977106606946672,1,2.0,2.0,1.0205408154085636,0.6073990074359777,2,1
-1.070931134417774,1,0.17977106606946672,1,1.0,2.0,-0.3219910452018003,-1.0870617429219,2,0
0.08761427307405786,1,-1.3782448398659108,1,1.0,2.0,0.09197210276575188,0.6073990074359777,3,1
-0.5443195855578504,1,0.17977106606946672,3,1.0,1.0,-0.24666747546458512,-0.7481695928503246,3,0
-1.1762534441897587,2,0.17977106606946672,1,2.0,2.0,0.8059635873336399,-0.40927744277874895,1,1
2.4047050880577214,2,-1.3782448398659108,1,2.0,2.0,-0.8764737938555857,-0.8611336428741831,3,0
-0.7549642051018198,1,0.17977106606946672,1,1.0,1.0,-0.5580892932016427,-0.7481695928503246,2,0
2.194060468513752,2,0.17977106606946672,1,1.0,1.0,-0.5922697366118075,0.6073990074359777,3,0
0.1929365828460426,1,1.7377869720048444,3,1.0,1.0,1.749090636984485,-0.07038529270717342,1,1
2.4047050880577214,2,-1.3782448398659108,3,1.0,2.0,0.13248225791853985,-0.7481695928503246,6,1
-0.22835265624189627,1,-1.3782448398659108,1,1.0,2.0,-0.8277350134373876,-0.9740976928980416,1,0
0.2982588926180273,1,0.17977106606946672,1,1.0,2.0,-1.0992796471959196,-0.40927744277874895,3,0
0.1929365828460426,1,0.17977106606946672,1,1.0,2.0,2.3833277535953217,1.96296760772228,7,1
0.403581202390012,2,0.17977106606946672,1,1.0,2.0,-0.6365777188101693,0.6073990074359777,3,0
1.140837370793905,1,1.7377869720048444,1,1.0,1.0,-0.18273738686409158,-0.5222414928026076,1,1
-0.9656088246457893,1,0.17977106606946672,1,1.0,2.0,-0.974584325866244,0.6073990074359777,3,0
-0.22835265624189627,1,0.17977106606946672,1,1.0,2.0,0.07804673693198101,-0.07038529270717342,1,1
0.2982588926180273,2,0.17977106606946672,2,3.0,2.0,-0.7194969426385323,-0.7481695928503246,2,0
-0.6496418953298352,1,0.17977106606946672,1,1.0,2.0,0.32996926428838125,-0.07038529270717342,3,1
-0.22835265624189627,1,0.17977106606946672,1,1.0,2.0,0.10020072803116194,-1.0870617429219,3,1
-0.8602865148738046,2,0.17977106606946672,1,1.0,2.0,-0.08525982602769552,-0.07038529270717342,3,1
1.5621266098818438,1,-1.3782448398659108,1,1.0,1.0,-0.808112907035256,-0.7481695928503246,2,0
-0.22835265624189627,2,0.17977106606946672,1,1.0,2.0,1.3117075555692272,-1.4259538929934756,2,1
-0.5443195855578504,1,1.7377869720048444,2,2.0,2.0,-0.4036443266816385,0.6073990074359777,3,0
1.6674489196538287,1,0.17977106606946672,1,1.0,2.0,-0.6106259006654146,-0.7481695928503246,2,0
1.5621266098818438,1,-1.3782448398659108,1,1.0,3.0,-0.6922791821452529,-0.07038529270717342,3,0
-0.12303034646991157,1,0.17977106606946672,1,1.0,2.0,-0.6448063440755795,-0.40927744277874895,2,0
0.2982588926180273,1,0.17977106606946672,1,2.0,2.0,0.8477396848349525,0.6073990074359777,1,1
0.08761427307405786,2,-1.3782448398659108,1,1.0,1.0,-0.18273738686409158,-0.07038529270717342,1,1
-0.8602865148738046,1,0.17977106606946672,1,1.0,1.0,1.4237434534136564,-0.07038529270717342,1,1
-0.333674966013881,1,1.7377869720048444,3,2.0,2.0,-0.18273738686409158,-0.07038529270717342,8,1
1.5621266098818438,2,0.17977106606946672,1,1.0,2.0,-0.915718006659849,-0.7481695928503246,3,0
1.4568043001098592,1,0.17977106606946672,1,1.0,1.0,-0.9587600465096863,0.6073990074359777,3,0
-0.8602865148738046,1,0.17977106606946672,1,1.0,2.0,-0.925845545448046,-0.7481695928503246,7,0
-0.6496418953298352,1,1.7377869720048444,2,1.0,2.0,-0.18273738686409158,1.96296760772228,1,1
1.0355150610219204,2,1.7377869720048444,3,1.0,1.0,2.4561194386354877,0.6073990074359777,1,1
2.299382778285737,1,0.17977106606946672,3,1.0,3.0,1.4288072228077549,2.6407519078654316,1,1
1.2461596805658897,1,1.7377869720048444,1,1.0,2.0,-0.18273738686409158,-0.07038529270717342,7,1
-0.8602865148738046,2,0.17977106606946672,1,1.0,2.0,-0.18273738686409158,-0.07038529270717342,2,1
-1.492220373505713,2,0.17977106606946672,2,1.0,2.0,1.3522177107220152,-0.7481695928503246,1,1
1.140837370793905,1,-1.3782448398659108,1,1.0,2.0,-0.7922886276786981,-0.9740976928980416,1,0
0.9301927512499356,1,0.17977106606946672,1,1.0,2.0,-0.015000025684578875,-0.07038529270717342,2,1
2.0887381587417675,2,-2.9362607458012886,1,1.0,2.0,-1.1815658998500203,-1.4259538929934756,1,0
0.8248704414779509,2,0.17977106606946672,1,1.0,2.0,0.8008998179395415,1.96296760772228,3,1
0.2982588926180273,1,-1.3782448398659108,1,1.0,3.0,-0.7562092707457464,0.6073990074359777,1,0
1.5621266098818438,1,0.17977106606946672,1,1.0,1.0,-0.9498984500700138,-0.9740976928980416,1,0
1.0355150610219204,1,0.17977106606946672,3,3.0,2.0,-0.18273738686409158,-0.07038529270717342,1,1
-1.070931134417774,2,-1.3782448398659108,2,1.0,2.0,1.4383017904216897,1.285183307579129,1,1
-0.12303034646991157,1,-1.3782448398659108,1,2.0,1.0,-1.146752485265593,-0.7481695928503246,3,0
-1.070931134417774,2,0.17977106606946672,1,1.0,2.0,-0.8239371863918138,-1.2000257929457587,2,0
-1.2815757539617434,1,-1.3782448398659108,2,1.0,2.0,-1.4322224848578957,-1.0870617429219,1,0
0.6142258219339815,1,-2.9362607458012886,3,1.0,2.0,1.7990953597512076,-0.07038529270717342,8,1
-0.9656088246457893,1,0.17977106606946672,1,2.0,2.0,1.881381612405308,0.6073990074359777,2,1
-0.8602865148738046,2,0.17977106606946672,1,1.0,3.0,0.7660864033551142,0.6073990074359777,2,1
-0.9656088246457893,1,-1.3782448398659108,1,1.0,2.0,-1.1733372745846102,-0.7481695928503246,1,0
-0.5443195855578504,1,-1.3782448398659108,1,1.0,3.0,-0.6612635946063995,-1.6518819930411928,1,0
-0.333674966013881,1,0.17977106606946672,1,1.0,1.0,0.13121631557001523,1.96296760772228,2,1
0.403581202390012,1,-1.3782448398659108,1,1.0,1.0,-1.158778937576577,-0.7481695928503246,2,0
1.4568043001098592,2,-1.3782448398659108,1,1.0,2.0,1.147135050261026,0.6073990074359777,2,1
-0.22835265624189627,1,0.17977106606946672,1,1.0,2.0,-1.163209735796413,-0.7481695928503246,6,0
-0.7549642051018198,2,-1.3782448398659108,1,1.0,1.0,0.6989914588833092,-0.40927744277874895,2,1
-0.6496418953298352,1,1.7377869720048444,1,1.0,2.0,1.0825719904862703,1.285183307579129,1,1
-0.22835265624189627,1,0.17977106606946672,1,1.0,1.0,-0.380224393233933,0.6073990074359777,3,0
-0.01770803669792685,1,1.7377869720048444,3,1.0,1.0,0.2350235881490344,0.6073990074359777,1,1
0.1929365828460426,2,0.17977106606946672,1,1.0,2.0,-0.956228161812637,-0.07038529270717342,1,0
0.5089035121619967,1,-1.3782448398659108,1,1.0,1.0,0.5439135211890427,-1.2000257929457587,1,1
1.5621266098818438,1,0.17977106606946672,2,1.0,2.0,2.064943252941379,-0.7481695928503246,2,1
-0.333674966013881,1,0.17977106606946672,1,1.0,3.0,1.2243575335210282,1.96296760772228,3,1
-0.6496418953298352,1,0.17977106606946672,1,1.0,2.0,-0.9309093148421445,-1.4259538929934756,3,0
-0.4389972757858657,2,0.17977106606946672,1,2.0,2.0,-0.42706426012934406,-0.07038529270717342,6,0
-1.070931134417774,2,-1.3782448398659108,2,2.0,2.0,-0.18273738686409158,-0.07038529270717342,1,1
-1.1762534441897587,1,0.17977106606946672,2,1.0,1.0,0.9945889972638089,0.6073990074359777,2,1
1.0355150610219204,1,1.7377869720048444,2,1.0,1.0,0.5350519247493704,-1.4259538929934756,2,1
-1.1762534441897587,2,-1.3782448398659108,1,1.0,2.0,-0.2770500918291761,-0.6352055428264661,3,0
-1.070931134417774,2,0.17977106606946672,2,1.0,1.0,-0.7998842817698459,-0.40927744277874895,4,0
-0.6496418953298352,1,0.17977106606946672,1,1.0,1.0,1.0319342965452853,0.6073990074359777,2,1
-0.333674966013881,1,-1.3782448398659108,1,1.0,2.0,-0.6441733729013172,-0.9740976928980416,2,0
-1.070931134417774,2,0.17977106606946672,3,1.0,2.0,2.0282309248341646,0.6073990074359777,6,1
-0.8602865148738046,2,-1.3782448398659108,2,1.0,1.0,0.6711407272157675,0.2685068573644022,2,1
-0.9656088246457893,1,0.17977106606946672,2,3.0,2.0,0.42681385395051497,-0.07038529270717342,3,1
-0.12303034646991157,1,1.7377869720048444,1,1.0,2.0,1.2028365135961094,-0.07038529270717342,7,1
0.2982588926180273,1,-1.3782448398659108,1,1.0,3.0,0.8926806382075767,-0.9740976928980416,1,1
0.9301927512499356,2,-1.3782448398659108,1,1.0,2.0,-0.6834175857055804,-0.40927744277874895,3,0
-1.1762534441897587,1,0.17977106606946672,1,1.0,2.0,-1.0486419532549347,-0.6352055428264661,3,0
-1.1762534441897587,2,-2.9362607458012886,2,3.0,2.0,0.7717831439234751,0.6073990074359777,3,1
-0.01770803669792685,1,-1.3782448398659108,1,2.0,2.0,-0.5036537722150838,-1.4259538929934756,7,0
-1.1762534441897587,2,0.17977106606946672,2,1.0,2.0,-0.8245701575660761,-1.0870617429219,4,0
-0.5443195855578504,2,0.17977106606946672,1,1.0,2.0,-0.9999031728367365,-1.0870617429219,2,0
0.403581202390012,1,1.7377869720048444,1,1.0,2.0,0.43694139273871196,-0.07038529270717342,1,1
-0.6496418953298352,1,0.17977106606946672,2,1.0,1.0,2.3168657802977792,-0.7481695928503246,3,1
1.2461596805658897,1,0.17977106606946672,3,3.0,2.0,-1.146752485265593,-0.9740976928980416,6,0
-1.1762534441897587,1,-1.3782448398659108,1,1.0,2.0,-0.8182404458234529,0.6073990074359777,1,0
1.5621266098818438,1,0.17977106606946672,1,1.0,2.0,-0.1314667217488443,-0.7481695928503246,3,1
-0.8602865148738046,1,1.7377869720048444,1,1.0,2.0,1.218027821778405,1.96296760772228,3,1
-0.6496418953298352,1,0.17977106606946672,1,1.0,2.0,-1.1157368977267397,-0.7481695928503246,3,0
-1.1762534441897587,2,0.17977106606946672,2,1.0,1.0,-0.08399388367917089,1.285183307579129,2,1
2.8259943271456605,1,0.17977106606946672,3,1.0,2.0,-0.8226712440432892,-0.07038529270717342,6,0
0.2982588926180273,1,1.7377869720048444,1,1.0,3.0,0.544546492363305,-0.7481695928503246,3,1
0.1929365828460426,2,0.17977106606946672,1,1.0,3.0,-0.18463630038687853,-0.7481695928503246,1,0
-1.3868980637337283,1,0.17977106606946672,2,1.0,2.0,-0.4890954352070506,-1.4259538929934756,2,0
-0.9656088246457893,1,-2.9362607458012886,1,1.0,1.0,-0.04158481500359598,-0.07038529270717342,2,1
0.1929365828460426,1,0.17977106606946672,1,1.0,2.0,-0.6308809782418086,-0.7481695928503246,7,0
-0.7549642051018198,1,0.17977106606946672,1,1.0,2.0,0.8300164919556078,-0.07038529270717342,1,1
-1.2815757539617434,2,0.17977106606946672,2,1.0,1.0,0.7034222571031453,-0.07038529270717342,2,1
0.8248704414779509,1,0.17977106606946672,1,1.0,1.0,0.5742961375536337,1.96296760772228,2,1
0.6142258219339815,2,0.17977106606946672,2,1.0,2.0,0.2926239650069048,-0.07038529270717342,2,1
0.1929365828460426,1,0.17977106606946672,1,1.0,2.0,0.3419957165993652,1.96296760772228,1,1
-0.12303034646991157,1,0.17977106606946672,1,1.0,2.0,2.235212498817941,-0.07038529270717342,3,1
-1.1762534441897587,2,0.17977106606946672,2,1.0,2.0,-0.24856638898737204,-0.9740976928980416,2,0
0.2982588926180273,2,0.17977106606946672,2,1.0,1.0,-0.18273738686409158,-0.07038529270717342,7,1
-0.01770803669792685,1,0.17977106606946672,1,1.0,2.0,-0.13842940466572973,-0.07038529270717342,3,1
0.1929365828460426,1,0.17977106606946672,3,1.0,2.0,-1.0714289155283778,-1.3129898429696172,3,0
1.878093539197798,2,-1.3782448398659108,1,2.0,2.0,-1.377786963871337,-1.4259538929934756,1,0
0.5089035121619967,1,0.17977106606946672,1,1.0,1.0,-0.20679029148605943,0.15554280734054365,2,0
-0.9656088246457893,2,0.17977106606946672,2,1.0,2.0,-0.7948205123757474,0.3814709073882607,1,0
-0.8602865148738046,1,0.17977106606946672,1,1.0,3.0,-0.7650708671854187,-0.7481695928503246,1,0
-0.8602865148738046,1,-1.3782448398659108,1,2.0,2.0,1.0971303274943034,1.285183307579129,7,1
-0.9656088246457893,2,0.17977106606946672,1,1.0,2.0,-0.19033304095523934,-0.07038529270717342,3,0
-1.3868980637337283,2,0.17977106606946672,2,1.0,2.0,-0.8941969867349304,-0.07038529270717342,3,0
0.6142258219339815,1,1.7377869720048444,1,1.0,2.0,3.060606910055996,-0.07038529270717342,2,1
-0.7549642051018198,1,0.17977106606946672,1,3.0,2.0,-0.13463157762015587,-0.40927744277874895,7,1
-0.7549642051018198,2,0.17977106606946672,1,1.0,2.0,-0.6897472974482036,-1.0870617429219,7,0
-0.4389972757858657,1,1.7377869720048444,1,1.0,2.0,-0.45491499179688577,-0.07038529270717342,1,0
0.5089035121619967,1,1.7377869720048444,3,1.0,1.0,0.4496008162239582,1.96296760772228,1,1
-0.333674966013881,2,0.17977106606946672,1,1.0,1.0,-0.36819794092294905,-1.4259538929934756,3,0
-0.333674966013881,1,1.7377869720048444,1,1.0,2.0,-0.08399388367917089,-1.0870617429219,2,1
2.194060468513752,2,1.7377869720048444,3,1.0,1.0,0.02487715829394679,-0.7481695928503246,2,1
1.2461596805658897,1,0.17977106606946672,1,1.0,1.0,-0.12070621178638499,1.96296760772228,2,1
1.2461596805658897,1,0.17977106606946672,2,1.0,2.0,-0.8327987828314861,-0.7481695928503246,1,0
0.5089035121619967,1,0.17977106606946672,1,1.0,2.0,-0.6745559892659081,-0.07038529270717342,3,0
-0.6496418953298352,1,0.17977106606946672,1,1.0,2.0,-0.4125059231213109,-0.07038529270717342,7,0
-0.7549642051018198,1,0.17977106606946672,1,1.0,2.0,-0.18273738686409158,0.6073990074359777,7,1
-0.7549642051018198,1,-1.3782448398659108,1,1.0,2.0,-1.0992796471959196,-0.5222414928026076,1,0
0.9301927512499356,1,0.17977106606946672,1,1.0,2.0,0.22806090523214897,-0.07038529270717342,1,1
-1.2815757539617434,1,0.17977106606946672,1,1.0,2.0,-0.31629430463343944,0.6073990074359777,3,0
0.9301927512499356,1,0.17977106606946672,1,1.0,2.0,-0.21628485909999412,0.6073990074359777,1,0
-0.7549642051018198,1,0.17977106606946672,1,1.0,1.0,-0.9404038824560792,-0.40927744277874895,3,0
-0.8602865148738046,1,1.7377869720048444,1,3.0,2.0,0.4407392197842858,0.6073990074359777,3,1
-0.6496418953298352,1,0.17977106606946672,1,3.0,3.0,-1.0125625963219829,-0.7481695928503246,1,0
-1.492220373505713,2,0.17977106606946672,1,1.0,2.0,-0.3618682291803259,0.6073990074359777,3,0
0.08761427307405786,1,1.7377869720048444,1,1.0,2.0,2.984017397970256,1.6240754576507046,1,1
0.8248704414779509,1,1.7377869720048444,1,1.0,2.0,-0.15615259754507446,-0.7481695928503246,7,0
0.6142258219339815,1,-1.3782448398659108,2,3.0,2.0,-0.5960675636573813,-0.9740976928980416,1,0
0.08761427307405786,2,0.17977106606946672,1,1.0,1.0,-0.7327893372980409,0.6073990074359777,1,0
0.08761427307405786,1,0.17977106606946672,1,1.0,2.0,2.0908950710861336,1.96296760772228,1,1
-0.12303034646991157,1,-1.3782448398659108,1,1.0,1.0,0.0255101294682091,-0.7481695928503246,1,1
-1.1762534441897587,2,0.17977106606946672,2,1.0,1.0,-0.18273738686409158,-0.07038529270717342,6,1
-0.333674966013881,2,1.7377869720048444,1,3.0,2.0,0.15400327784345846,0.2685068573644022,1,1
-0.12303034646991157,2,0.17977106606946672,1,1.0,2.0,-0.9473665653729646,-0.07038529270717342,1,0
-0.4389972757858657,1,0.17977106606946672,1,1.0,2.0,-0.3232569875503249,-0.7481695928503246,1,0
1.3514819903378745,1,-1.3782448398659108,1,1.0,2.0,-1.000536144010999,-0.7481695928503246,1,0
-0.01770803669792685,1,1.7377869720048444,1,2.0,2.0,-0.5998653907029553,0.2685068573644022,2,0
-0.9656088246457893,2,0.17977106606946672,1,1.0,2.0,0.14134385435821223,-0.7481695928503246,2,1
-1.3868980637337283,1,0.17977106606946672,2,1.0,2.0,0.15210436432067154,-0.07038529270717342,1,1
-0.5443195855578504,1,0.17977106606946672,1,1.0,2.0,0.12931740204722827,1.059255207531412,3,1
-1.492220373505713,1,0.17977106606946672,1,1.0,2.0,-0.775831377147878,-1.0870617429219,2,0
2.194060468513752,2,-2.9362607458012886,3,1.0,1.0,-0.8536868315821424,-0.07038529270717342,5,0
-0.5443195855578504,1,1.7377869720048444,1,1.0,2.0,-0.18273738686409158,0.6073990074359777,8,1
0.1929365828460426,1,1.7377869720048444,3,1.0,1.0,-0.42200049073524554,-1.4259538929934756,2,0
-0.12303034646991157,1,0.17977106606946672,1,1.0,2.0,-0.3042678523224555,0.6073990074359777,5,0
-0.9656088246457893,1,0.17977106606946672,1,1.0,1.0,-0.2548961007299952,-1.0870617429219,2,0
-0.9656088246457893,1,0.17977106606946672,1,1.0,2.0,-0.6675933063490227,-0.7481695928503246,3,0
-1.1762534441897587,1,-1.3782448398659108,2,3.0,2.0,-1.189161553941168,-1.4259538929934756,5,0
-0.12303034646991157,1,-2.9362607458012886,1,1.0,1.0,0.5413816364919934,2.6407519078654316,5,1
-0.8602865148738046,2,-2.9362607458012886,1,1.0,3.0,-1.221443083828546,-0.7481695928503246,7,0
0.5089035121619967,1,1.7377869720048444,1,1.0,2.0,-0.41440483664409783,-0.7481695928503246,1,0
-0.4389972757858657,2,0.17977106606946672,1,1.0,1.0,-0.5815092266493482,-0.7481695928503246,2,0
-0.5443195855578504,1,0.17977106606946672,1,1.0,2.0,0.057158688181324704,0.15554280734054365,8,1
0.7195481317059662,1,-1.3782448398659108,1,1.0,2.0,-1.1518162546596915,-0.7481695928503246,6,0
-0.4389972757858657,2,1.7377869720048444,1,1.0,2.0,1.6186985750864487,-0.07038529270717342,2,1
0.7195481317059662,2,-1.3782448398659108,2,1.0,2.0,-0.8195063881719775,-1.0870617429219,6,0
-0.01770803669792685,2,0.17977106606946672,1,1.0,1.0,-0.4409896259631149,1.96296760772228,1,0
0.08761427307405786,1,0.17977106606946672,1,1.0,2.0,0.023611215945422166,-1.3129898429696172,3,1
2.194060468513752,2,1.7377869720048444,1,1.0,3.0,-0.7055715768047613,-0.7481695928503246,2,0
-0.4389972757858657,1,1.7377869720048444,1,1.0,2.0,-0.18273738686409158,1.96296760772228,1,1
-0.5443195855578504,2,0.17977106606946672,1,1.0,2.0,-1.2790434606864163,-1.4259538929934756,3,0
-0.01770803669792685,1,0.17977106606946672,1,1.0,2.0,0.13944494083542527,-0.7481695928503246,2,1
0.08761427307405786,1,1.7377869720048444,1,1.0,2.0,0.0831105063260795,0.6073990074359777,1,1
-0.333674966013881,1,0.17977106606946672,1,1.0,1.0,1.4420996174672636,0.6073990074359777,1,1
-0.5443195855578504,2,1.7377869720048444,1,1.0,2.0,0.0888072468944403,0.6073990074359777,1,1
0.1929365828460426,1,0.17977106606946672,2,1.0,1.0,0.864829906540035,-0.8611336428741831,1,1
0.08761427307405786,1,0.17977106606946672,3,1.0,1.0,0.536317867097895,-0.7481695928503246,1,1
-0.7549642051018198,2,0.17977106606946672,1,1.0,1.0,-1.3898134161823208,-1.4259538929934756,4,0
-0.22835265624189627,1,0.17977106606946672,1,1.0,2.0,1.300947045606768,-0.07038529270717342,3,1
0.2982588926180273,1,0.17977106606946672,1,1.0,1.0,0.684433121875276,1.96296760772228,2,1
0.1929365828460426,1,0.17977106606946672,1,1.0,1.0,-0.5175791380488547,-0.40927744277874895,1,0
-0.01770803669792685,2,1.7377869720048444,2,1.0,2.0,0.3027515037951018,-0.7481695928503246,2,1
0.403581202390012,1,0.17977106606946672,1,1.0,2.0,-1.1296622635605107,-0.7481695928503246,6,0
-0.01770803669792685,1,0.17977106606946672,1,1.0,2.0,-0.3726287391427852,-0.07038529270717342,7,0
-0.12303034646991157,1,0.17977106606946672,1,1.0,1.0,0.24388518458870678,0.6073990074359777,1,1
-0.5443195855578504,2,-1.3782448398659108,2,1.0,1.0,-0.5568233508531181,0.6073990074359777,3,0
-0.22835265624189627,1,0.17977106606946672,1,1.0,2.0,2.9745228303563214,-0.07038529270717342,3,1
-0.8602865148738046,2,0.17977106606946672,1,1.0,2.0,0.14260979670673685,1.6240754576507046,7,1
0.08761427307405786,1,-1.3782448398659108,1,1.0,2.0,1.3547495954190645,0.6073990074359777,1,1
-1.2815757539617434,1,0.17977106606946672,2,2.0,2.0,0.3502243418647752,0.6073990074359777,3,1
-1.1762534441897587,2,0.17977106606946672,1,1.0,1.0,-1.3233514428847781,-1.4259538929934756,6,0
-0.6496418953298352,1,-1.3782448398659108,1,1.0,1.0,-1.1929593809867418,-1.0870617429219,1,0
0.1929365828460426,1,1.7377869720048444,1,1.0,2.0,-0.8233042152175515,-1.4259538929934756,6,0
-0.12303034646991157,1,0.17977106606946672,1,1.0,2.0,-0.8188734169977152,-0.07038529270717342,3,0
-0.8602865148738046,2,0.17977106606946672,2,1.0,1.0,0.3641497076985461,-0.07038529270717342,2,1
-1.070931134417774,1,0.17977106606946672,1,3.0,2.0,0.01918041772558598,2.301859757793856,1,1
-0.9656088246457893,1,0.17977106606946672,1,1.0,3.0,1.654144960845138,0.6073990074359777,3,1
0.5089035121619967,1,-1.3782448398659108,1,2.0,2.0,-0.9505314212442761,-0.7481695928503246,7,0
1.0355150610219204,1,0.17977106606946672,1,1.0,1.0,-0.6713911333945966,-0.40927744277874895,2,0
-1.1762534441897587,2,-1.3782448398659108,1,1.0,2.0,0.6546834766849473,-0.7481695928503246,3,1
-0.8602865148738046,1,0.17977106606946672,1,1.0,2.0,-0.846724148665257,0.6073990074359777,1,0
1.0355150610219204,1,0.17977106606946672,1,3.0,2.0,-0.8707770532872249,-0.7481695928503246,1,0
1.3514819903378745,1,1.7377869720048444,1,1.0,2.0,-0.8416603792711584,-1.4259538929934756,1,0
1.878093539197798,1,0.17977106606946672,1,1.0,2.0,0.34072977425084056,-0.7481695928503246,3,1
2.931316636917645,2,0.17977106606946672,3,1.0,2.0,0.7711501727492127,0.6073990074359777,1,1
0.08761427307405786,1,-1.3782448398659108,2,2.0,2.0,-0.7093694038503353,-0.9740976928980416,1,0
-0.8602865148738046,1,0.17977106606946672,2,1.0,2.0,0.6198700621005202,-1.4259538929934756,1,1
-0.8602865148738046,1,0.17977106606946672,1,1.0,2.0,-0.3827562779309822,-0.7481695928503246,3,0
0.8248704414779509,2,1.7377869720048444,3,1.0,2.0,-0.18273738686409158,0.9462911575075532,7,1
-0.7549642051018198,2,0.17977106606946672,1,2.0,2.0,-0.8239371863918138,-1.4259538929934756,3,0
0.403581202390012,1,0.17977106606946672,1,1.0,2.0,-1.373989136825763,-1.4259538929934756,3,0
0.5089035121619967,1,-1.3782448398659108,2,1.0,1.0,-0.2637576971696675,-0.7481695928503246,1,0
-1.492220373505713,1,0.17977106606946672,1,1.0,1.0,0.28945910913559325,0.6073990074359777,2,1
-0.5443195855578504,1,1.7377869720048444,2,2.0,2.0,-0.18273738686409158,1.96296760772228,2,1
0.6142258219339815,1,0.17977106606946672,1,1.0,2.0,-0.6036632177485292,0.6073990074359777,2,0
-0.22835265624189627,1,-1.3782448398659108,1,1.0,2.0,-0.7834270312390258,-0.07038529270717342,3,0
-0.6496418953298352,1,0.17977106606946672,1,2.0,3.0,-0.7695016654052549,-1.4259538929934756,1,0
-0.7549642051018198,2,0.17977106606946672,1,1.0,1.0,0.3698464482669069,0.6073990074359777,1,1
0.8248704414779509,1,0.17977106606946672,3,1.0,1.0,1.8699881312685864,1.96296760772228,1,1
1.5621266098818438,1,0.17977106606946672,1,2.0,3.0,-0.8941969867349304,-1.0870617429219,3,0
0.403581202390012,1,0.17977106606946672,1,2.0,2.0,-0.8372295810513223,0.6073990074359777,3,0
-1.070931134417774,2,0.17977106606946672,2,1.0,1.0,-0.8429263216196831,0.6073990074359777,1,0
-0.7549642051018198,1,-1.3782448398659108,1,1.0,2.0,-0.7783632618449273,-0.9740976928980416,1,0
0.1929365828460426,1,0.17977106606946672,1,3.0,3.0,-0.11311055769523726,-0.40927744277874895,1,1
-0.01770803669792685,1,1.7377869720048444,1,2.0,2.0,2.728930014742544,-0.40927744277874895,1,1
-0.6496418953298352,1,0.17977106606946672,1,1.0,2.0,-0.7125342597216469,0.6073990074359777,3,0
1.140837370793905,1,1.7377869720048444,1,2.0,2.0,-0.18273738686409158,2.301859757793856,1,1
-0.8602865148738046,1,0.17977106606946672,1,1.0,1.0,-1.1264974076891991,-0.7481695928503246,1,0
-0.22835265624189627,1,1.7377869720048444,3,1.0,2.0,1.3591803936389006,1.96296760772228,1,1
-0.8602865148738046,1,0.17977106606946672,2,1.0,3.0,0.0938710162885388,-0.40927744277874895,7,1
-1.492220373505713,1,0.17977106606946672,2,1.0,2.0,-1.2366343920108414,-0.7481695928503246,3,0
2.0887381587417675,1,0.17977106606946672,1,1.0,2.0,-0.17957253099278003,0.6073990074359777,1,0
0.2982588926180273,2,0.17977106606946672,1,1.0,1.0,-1.221443083828546,-1.4259538929934756,1,0
0.6142258219339815,1,-1.3782448398659108,1,1.0,1.0,-0.745448760783287,-1.4259538929934756,1,0
-1.1762534441897587,2,0.17977106606946672,2,1.0,2.0,2.9042630300132046,1.96296760772228,2,1
0.9301927512499356,1,0.17977106606946672,1,2.0,1.0,-0.8454582063167324,-1.4259538929934756,1,0
0.1929365828460426,1,0.17977106606946672,3,1.0,2.0,-1.1638427069706754,-1.4259538929934756,3,0
1.0355150610219204,1,0.17977106606946672,3,1.0,2.0,1.8788497277082588,0.6073990074359777,5,1
-1.070931134417774,2,0.17977106606946672,1,1.0,1.0,0.4122555169424818,-0.07038529270717342,3,1
1.9834158489697828,1,0.17977106606946672,3,1.0,1.0,2.899199260619106,-0.07038529270717342,2,1
-1.1762534441897587,2,0.17977106606946672,1,2.0,2.0,0.6008809268726508,0.6073990074359777,1,1
-0.8602865148738046,2,-1.3782448398659108,1,1.0,2.0,-0.9024256120003404,-0.07038529270717342,3,0
-0.4389972757858657,1,0.17977106606946672,1,1.0,2.0,-0.18273738686409158,0.8333271074836948,1,1
-0.333674966013881,2,0.17977106606946672,1,2.0,2.0,-0.6372106899844316,-0.40927744277874895,6,0
0.8248704414779509,1,-1.3782448398659108,1,1.0,2.0,-0.6555668540380387,-1.6518819930411928,3,0
-0.333674966013881,1,0.17977106606946672,2,1.0,1.0,-0.14982288580245134,1.96296760772228,3,0
0.7195481317059662,1,-1.3782448398659108,1,1.0,1.0,-1.1878956115926433,-1.4259538929934756,1,0
-0.22835265624189627,1,0.17977106606946672,1,1.0,2.0,-0.16817904985605842,1.96296760772228,6,0
-0.6496418953298352,2,0.17977106606946672,2,2.0,2.0,0.05842463052984933,-0.40927744277874895,1,1
0.7195481317059662,1,0.17977106606946672,2,1.0,2.0,-0.6555668540380387,-0.7481695928503246,1,0
-0.8602865148738046,1,0.17977106606946672,1,2.0,2.0,-0.7770973194964027,0.6073990074359777,3,0
-0.9656088246457893,1,0.17977106606946672,1,1.0,2.0,0.35845296713018526,0.6073990074359777,3,1
-0.12303034646991157,1,0.17977106606946672,2,1.0,3.0,-0.13906237583999204,0.2685068573644022,6,0
0.2982588926180273,2,0.17977106606946672,1,1.0,2.0,0.6793693524811775,-0.07038529270717342,2,1
0.8248704414779509,1,1.7377869720048444,3,1.0,1.0,-0.18273738686409158,-0.07038529270717342,1,1
1.140837370793905,2,-1.3782448398659108,1,1.0,3.0,0.3230065813714958,-0.07038529270717342,2,1
-1.1762534441897587,1,0.17977106606946672,2,1.0,2.0,-0.635944747635907,-0.7481695928503246,3,0
2.720672017373676,1,0.17977106606946672,3,1.0,2.0,-0.3207251028532756,0.6073990074359777,1,0
-0.333674966013881,1,0.17977106606946672,1,1.0,1.0,2.4124444276113883,1.285183307579129,2,1
-0.01770803669792685,1,-1.3782448398659108,1,1.0,3.0,0.20590691413296805,-0.07038529270717342,2,1
2.8259943271456605,1,-1.3782448398659108,1,1.0,2.0,-0.8125437052550921,-0.7481695928503246,1,0
0.9301927512499356,1,0.17977106606946672,3,1.0,1.0,-0.7631719536626318,0.6073990074359777,1,0
0.2982588926180273,2,0.17977106606946672,1,1.0,2.0,-0.32705481459589875,0.6073990074359777,1,0
-0.22835265624189627,1,0.17977106606946672,1,1.0,2.0,-0.6245512664991855,0.6073990074359777,3,0
-1.070931134417774,2,-1.3782448398659108,1,1.0,1.0,-1.2106825738660865,-0.7481695928503246,3,0
0.08761427307405786,1,0.17977106606946672,3,1.0,2.0,-0.18273738686409158,-0.07038529270717342,1,1
-1.1762534441897587,2,0.17977106606946672,1,1.0,2.0,-0.9764832393890309,-0.7481695928503246,5,0
1.140837370793905,1,-1.3782448398659108,1,3.0,2.0,-0.4992229739952476,-1.4259538929934756,3,0
-0.01770803669792685,1,0.17977106606946672,1,1.0,1.0,2.8232427197076286,-0.07038529270717342,3,1
-0.7549642051018198,1,0.17977106606946672,1,2.0,2.0,-0.34414503630098114,-0.7481695928503246,1,0
-0.12303034646991157,2,1.7377869720048444,1,1.0,2.0,-0.8479900910137816,-1.0870617429219,6,0
-1.2815757539617434,1,0.17977106606946672,1,1.0,2.0,-0.7644378960111564,-0.7481695928503246,3,0
-0.6496418953298352,2,0.17977106606946672,1,2.0,2.0,-0.16501419398474684,-0.07038529270717342,1,0
-0.5443195855578504,2,0.17977106606946672,1,1.0,2.0,1.5598322558800535,0.2685068573644022,1,1
-0.7549642051018198,1,0.17977106606946672,1,1.0,1.0,0.6413910820254388,0.6073990074359777,2,1
-0.333674966013881,1,-1.3782448398659108,1,1.0,2.0,-0.38655410497655607,-0.07038529270717342,2,0
1.5621266098818438,1,0.17977106606946672,3,1.0,1.0,0.26920403155919925,0.6073990074359777,1,1
-1.070931134417774,1,-1.3782448398659108,2,1.0,1.0,-0.6283490935447593,0.6073990074359777,3,0
-0.5443195855578504,2,0.17977106606946672,1,1.0,3.0,-1.1746032169331349,-1.4259538929934756,3,0
0.2982588926180273,1,1.7377869720048444,1,1.0,2.0,1.3756376441697207,0.6073990074359777,7,1
-1.1762534441897587,2,0.17977106606946672,2,2.0,2.0,-0.6239182953249232,0.6073990074359777,3,0
0.1929365828460426,1,0.17977106606946672,1,1.0,1.0,-0.7384860778664016,-0.7481695928503246,1,0
0.7195481317059662,1,0.17977106606946672,1,1.0,2.0,0.9116697734354461,-0.07038529270717342,3,1
-0.333674966013881,2,0.17977106606946672,1,1.0,1.0,2.6706966667104117,-0.07038529270717342,3,1
-1.1762534441897587,2,-1.3782448398659108,2,1.0,1.0,0.4401062486100235,0.6073990074359777,2,1
0.403581202390012,1,0.17977106606946672,1,1.0,2.0,2.1617878426035126,1.285183307579129,3,1
-0.8602865148738046,2,1.7377869720048444,2,1.0,2.0,1.8320098608128477,0.6073990074359777,1,1
-1.2815757539617434,2,-1.3782448398659108,1,1.0,1.0,-1.0967477624988704,-0.40927744277874895,7,0
-0.7549642051018198,1,-1.3782448398659108,1,1.0,2.0,-0.9220477184024721,-1.0870617429219,3,0
-1.070931134417774,2,0.17977106606946672,1,1.0,2.0,0.15780110488903235,-0.40927744277874895,2,1
-0.7549642051018198,2,0.17977106606946672,1,1.0,2.0,0.24768301163428066,-0.7481695928503246,3,1
-0.12303034646991157,2,0.17977106606946672,1,1.0,2.0,-0.3871870761508184,0.6073990074359777,6,0
-0.7549642051018198,1,0.17977106606946672,1,1.0,2.0,0.17805618246542632,1.96296760772228,1,1
-0.7549642051018198,1,-1.3782448398659108,1,1.0,2.0,-1.0138285386705075,0.6073990074359777,6,0
-0.4389972757858657,1,0.17977106606946672,1,1.0,2.0,-0.9385049689332923,-0.07038529270717342,1,0
1.5621266098818438,1,-1.3782448398659108,1,1.0,2.0,0.3704794194411692,-0.7481695928503246,1,1
-0.8602865148738046,2,0.17977106606946672,2,1.0,2.0,-0.7283585390782046,-1.0870617429219,2,0
-0.12303034646991157,1,-1.3782448398659108,2,1.0,2.0,-0.09791924951294176,1.96296760772228,5,1
1.878093539197798,2,1.7377869720048444,3,1.0,2.0,-0.2567950142527821,-0.7481695928503246,1,0
-1.492220373505713,2,0.17977106606946672,2,1.0,1.0,-0.31629430463343944,-0.07038529270717342,2,0
0.1929365828460426,1,0.17977106606946672,2,1.0,1.0,0.16476378780591777,-1.0870617429219,1,1
-1.3868980637337283,1,-1.3782448398659108,1,1.0,1.0,-0.7910226853301735,-0.7481695928503246,2,0
1.3514819903378745,1,-1.3782448398659108,1,1.0,1.0,-0.83659660987706,-0.07038529270717342,4,0
2.720672017373676,1,0.17977106606946672,1,1.0,1.0,-0.18526927156114084,-0.7481695928503246,2,0
2.5100273978297065,2,-1.3782448398659108,1,1.0,1.0,-1.3632286268633038,-0.7481695928503246,3,0
0.8248704414779509,2,0.17977106606946672,2,1.0,2.0,-0.3631341715288505,0.6073990074359777,1,0
-1.492220373505713,2,-1.3782448398659108,2,1.0,2.0,0.11349312269067048,0.6073990074359777,1,1
0.6142258219339815,1,1.7377869720048444,1,1.0,1.0,-0.747347674306074,0.6073990074359777,8,0
-0.22835265624189627,2,-1.3782448398659108,1,2.0,2.0,-1.0176263657160813,-1.4259538929934756,1,0
-1.1762534441897587,2,0.17977106606946672,2,1.0,1.0,-0.6941780956680398,0.6073990074359777,1,0
0.1929365828460426,1,-1.3782448398659108,1,1.0,2.0,1.0775082210921718,0.6073990074359777,7,1
-0.333674966013881,1,0.17977106606946672,1,1.0,2.0,0.14957247962362227,-0.07038529270717342,1,1
-0.22835265624189627,1,0.17977106606946672,3,1.0,2.0,0.8382451172210178,0.6073990074359777,7,1
1.140837370793905,2,0.17977106606946672,1,1.0,2.0,-0.13273266409736892,-1.3129898429696172,3,1
-0.4389972757858657,2,0.17977106606946672,1,1.0,2.0,-1.0258549909814914,-1.0870617429219,2,0
-0.01770803669792685,2,-1.3782448398659108,3,1.0,2.0,-0.44415448183442646,0.6073990074359777,6,0
-0.6496418953298352,2,1.7377869720048444,1,1.0,2.0,0.5128979336501894,1.96296760772228,2,1
-1.1762534441897587,2,0.17977106606946672,1,1.0,3.0,-0.7998842817698459,-0.9740976928980416,2,0
-1.2815757539617434,1,0.17977106606946672,1,3.0,1.0,0.18311995185952482,0.6073990074359777,2,1
1.6674489196538287,2,0.17977106606946672,3,2.0,2.0,0.08374347750034182,1.96296760772228,3,1
-0.12303034646991157,1,0.17977106606946672,1,1.0,2.0,-0.3086986505422917,-0.07038529270717342,3,0
1.140837370793905,1,0.17977106606946672,3,1.0,2.0,-0.7840600024132881,-0.40927744277874895,1,0
-1.2815757539617434,2,0.17977106606946672,1,2.0,1.0,-1.1378908888259207,-0.7481695928503246,4,0
1.4568043001098592,2,-1.3782448398659108,3,2.0,3.0,-0.8220382728690269,-0.9740976928980416,1,0
-1.2815757539617434,2,0.17977106606946672,2,1.0,1.0,0.6920287759664238,0.6073990074359777,1,1
-1.2815757539617434,2,0.17977106606946672,1,1.0,2.0,-0.46251064588803353,-0.07038529270717342,2,0
0.2982588926180273,1,0.17977106606946672,2,1.0,1.0,0.7198795076339655,-1.4259538929934756,1,1
-1.3868980637337283,2,0.17977106606946672,2,2.0,2.0,0.5711312816823222,1.285183307579129,2,1
1.5621266098818438,1,-1.3782448398659108,1,1.0,2.0,-1.2018209774264141,-0.7481695928503246,1,0
-0.7549642051018198,1,0.17977106606946672,1,1.0,2.0,0.70468819945167,0.2685068573644022,7,1
-0.22835265624189627,1,0.17977106606946672,1,1.0,2.0,-0.6384766323329563,-0.07038529270717342,1,0
0.403581202390012,1,0.17977106606946672,1,1.0,2.0,0.8705266471083958,-0.07038529270717342,7,1
-1.2815757539617434,2,0.17977106606946672,2,1.0,1.0,-0.4308620871749179,-0.7481695928503246,2,0
-0.12303034646991157,1,0.17977106606946672,3,1.0,1.0,0.038802524127717654,-0.07038529270717342,3,1
0.08761427307405786,1,0.17977106606946672,1,1.0,2.0,-0.35427257508917814,-0.40927744277874895,3,0
0.7195481317059662,1,0.17977106606946672,1,1.0,3.0,-0.2675555242152414,-1.4259538929934756,2,0
-0.5443195855578504,1,0.17977106606946672,1,2.0,2.0,-0.6973429515393513,-1.0870617429219,1,0
0.1929365828460426,1,0.17977106606946672,1,3.0,2.0,0.9515469574139718,2.6407519078654316,2,1
-0.12303034646991157,1,-1.3782448398659108,1,1.0,2.0,0.8186230108188862,-1.0870617429219,6,1
-0.6496418953298352,2,0.17977106606946672,1,1.0,1.0,0.7097519688457685,0.6073990074359777,3,1
1.0355150610219204,1,0.17977106606946672,1,1.0,1.0,-0.6239182953249232,-0.07038529270717342,2,0
-1.1762534441897587,1,0.17977106606946672,1,1.0,2.0,-0.6929121533195152,-0.40927744277874895,3,0
-1.5975426832776976,2,0.17977106606946672,2,1.0,2.0,-0.35363960391491583,-1.0870617429219,2,0
-0.9656088246457893,2,-1.3782448398659108,1,1.0,2.0,-0.7492465878288609,0.6073990074359777,1,0
1.3514819903378745,1,0.17977106606946672,1,1.0,2.0,-0.725193683206893,-0.7481695928503246,6,0
-0.6496418953298352,2,0.17977106606946672,1,3.0,2.0,-0.7359541931693524,0.6073990074359777,3,0
-0.01770803669792685,2,0.17977106606946672,1,1.0,2.0,-0.6618965657806618,-0.7481695928503246,3,0
-0.8602865148738046,1,0.17977106606946672,1,1.0,1.0,1.15916150257201,2.6407519078654316,3,1
-0.7549642051018198,2,-2.9362607458012886,1,1.0,1.0,-1.13219414825756,-0.07038529270717342,6,0
0.403581202390012,1,-1.3782448398659108,1,1.0,2.0,-0.7789962330191896,-0.40927744277874895,5,0
0.6142258219339815,1,1.7377869720048444,1,2.0,2.0,1.319303209660375,-0.40927744277874895,6,1
-0.12303034646991157,1,0.17977106606946672,1,1.0,2.0,-0.43529288539475414,0.6073990074359777,3,0
-0.22835265624189627,1,1.7377869720048444,1,1.0,1.0,-0.41693672134114707,-0.07038529270717342,3,0
-0.7549642051018198,1,0.17977106606946672,2,1.0,2.0,-0.18273738686409158,1.96296760772228,7,1
-0.22835265624189627,1,0.17977106606946672,1,1.0,1.0,1.2939843626898824,1.285183307579129,2,1
-0.8602865148738046,2,0.17977106606946672,1,3.0,2.0,-0.7296244814267292,-0.7481695928503246,1,0
0.403581202390012,1,0.17977106606946672,3,1.0,3.0,-1.0074988269278844,0.6073990074359777,1,0
0.6142258219339815,1,-1.3782448398659108,2,1.0,1.0,-1.1739702457588725,-0.7481695928503246,6,0
1.6674489196538287,1,1.7377869720048444,3,1.0,1.0,-0.18273738686409158,-0.07038529270717342,6,1
0.2982588926180273,1,-1.3782448398659108,1,1.0,2.0,-0.39035193202213,-0.7481695928503246,2,0
1.140837370793905,1,0.17977106606946672,1,1.0,1.0,-0.14918991462818904,0.6073990074359777,1,0
0.8248704414779509,1,1.7377869720048444,1,2.0,2.0,-0.18273738686409158,1.96296760772228,1,1
0.08761427307405786,1,0.17977106606946672,1,1.0,2.0,-0.12197215413490962,0.6073990074359777,1,1
-1.2815757539617434,1,0.17977106606946672,3,1.0,1.0,0.9078719463898722,-0.5222414928026076,1,1
0.7195481317059662,1,-1.3782448398659108,1,1.0,2.0,-1.0448441262093608,-0.7481695928503246,1,0
0.2982588926180273,1,0.17977106606946672,1,1.0,2.0,-0.18273738686409158,-0.07038529270717342,3,1
-0.6496418953298352,2,0.17977106606946672,1,1.0,2.0,1.0648487976069254,1.285183307579129,7,1
0.7195481317059662,1,0.17977106606946672,1,1.0,2.0,2.4194071105282737,-0.07038529270717342,2,1
-1.1762534441897587,1,0.17977106606946672,2,1.0,3.0,-0.785958915936075,-0.7481695928503246,3,0
-1.1762534441897587,1,0.17977106606946672,1,1.0,1.0,-1.0372484721182131,-0.7481695928503246,1,0
1.6674489196538287,1,0.17977106606946672,1,1.0,2.0,-0.1884341274324524,0.2685068573644022,2,0
0.08761427307405786,1,1.7377869720048444,1,1.0,2.0,-0.9423027959788661,-1.4259538929934756,2,0
1.6674489196538287,2,-1.3782448398659108,1,1.0,3.0,-0.944201709501653,-1.4259538929934756,6,0
-0.7549642051018198,1,1.7377869720048444,1,1.0,2.0,2.3896574653379448,0.6073990074359777,8,1
-0.7549642051018198,2,0.17977106606946672,1,1.0,2.0,0.6774704389583905,-0.07038529270717342,7,1
0.9301927512499356,1,0.17977106606946672,2,1.0,1.0,1.4585568679980836,-0.7481695928503246,1,1
1.3514819903378745,1,0.17977106606946672,1,1.0,3.0,0.3027515037951018,1.285183307579129,3,1
-0.7549642051018198,1,-1.3782448398659108,1,2.0,2.0,1.0129451613174159,0.6073990074359777,7,1
-0.333674966013881,1,0.17977106606946672,1,2.0,2.0,2.0275979536599023,1.96296760772228,7,1
-1.070931134417774,1,0.17977106606946672,1,3.0,2.0,-0.29034248648868466,-1.4259538929934756,1,0
0.7195481317059662,1,-1.3782448398659108,1,3.0,2.0,0.026143100642471412,0.2685068573644022,7,1
-0.8602865148738046,2,1.7377869720048444,2,1.0,2.0,1.26043689045398,1.285183307579129,3,1
-0.12303034646991157,1,0.17977106606946672,1,1.0,2.0,1.6528790184966133,0.6073990074359777,2,1
-0.12303034646991157,1,-1.3782448398659108,2,1.0,1.0,-0.09791924951294176,0.6073990074359777,3,1
-0.8602865148738046,2,0.17977106606946672,1,1.0,2.0,-0.6872154127511544,-0.07038529270717342,3,0
2.299382778285737,2,0.17977106606946672,1,1.0,2.0,-0.6334128629388578,-1.4259538929934756,6,0
0.2982588926180273,1,0.17977106606946672,3,1.0,2.0,-0.16438122281048453,-0.7481695928503246,3,0
-0.12303034646991157,1,0.17977106606946672,1,1.0,2.0,-0.6713911333945966,-0.40927744277874895,3,0
1.3514819903378745,1,0.17977106606946672,3,1.0,2.0,1.6231293733062848,0.6073990074359777,3,1
-0.333674966013881,1,-1.3782448398659108,1,2.0,2.0,-0.18273738686409158,1.96296760772228,7,1
-0.7549642051018198,1,0.17977106606946672,1,1.0,3.0,-0.7543103572229595,-0.9740976928980416,3,0
-0.4389972757858657,1,0.17977106606946672,3,2.0,2.0,0.20464097178444343,1.96296760772228,1,1
0.08761427307405786,1,0.17977106606946672,1,2.0,2.0,0.13564711378985142,-1.0870617429219,3,1
-0.9656088246457893,1,0.17977106606946672,1,1.0,1.0,-0.9897756340485395,-0.40927744277874895,2,0
-0.9656088246457893,2,-1.3782448398659108,1,2.0,2.0,0.05842463052984933,-0.40927744277874895,5,1
-0.5443195855578504,1,0.17977106606946672,1,2.0,2.0,0.22616199170936205,0.6073990074359777,3,1
1.0355150610219204,1,-1.3782448398659108,1,1.0,1.0,1.37816952886677,-1.4259538929934756,1,1
-0.6496418953298352,1,0.17977106606946672,1,1.0,2.0,-0.16121636693917296,0.6073990074359777,3,0
1.6674489196538287,1,0.17977106606946672,2,3.0,2.0,-0.8245701575660761,-1.4259538929934756,1,0
-0.5443195855578504,1,0.17977106606946672,1,1.0,2.0,-0.9087553237429635,-0.7481695928503246,3,0
0.403581202390012,2,-2.9362607458012886,1,1.0,2.0,-1.0207912215873929,-0.7481695928503246,1,0
-1.070931134417774,1,0.17977106606946672,1,1.0,2.0,-0.467574415282132,-0.07038529270717342,3,0
0.6142258219339815,1,1.7377869720048444,2,1.0,3.0,-0.4011124419845893,-0.40927744277874895,6,0
-0.5443195855578504,2,-1.3782448398659108,2,3.0,2.0,-0.8960959002577173,-0.7481695928503246,2,0
1.2461596805658897,1,0.17977106606946672,3,1.0,1.0,2.4004179753004045,-0.07038529270717342,1,1
1.3514819903378745,2,0.17977106606946672,3,2.0,3.0,-0.7353212219950901,0.6073990074359777,3,0
0.7195481317059662,1,0.17977106606946672,1,2.0,2.0,-0.02259567977572662,1.285183307579129,7,1
-0.22835265624189627,2,0.17977106606946672,1,1.0,2.0,-0.006771400419168816,0.9462911575075532,7,1
0.08761427307405786,2,0.17977106606946672,3,3.0,2.0,1.7630160028182558,-0.40927744277874895,1,1
-1.070931134417774,1,0.17977106606946672,1,2.0,2.0,2.5453683742064737,-0.07038529270717342,1,1
-0.9656088246457893,2,0.17977106606946672,2,1.0,2.0,0.2723688874305108,-0.7481695928503246,2,1
-0.9656088246457893,2,0.17977106606946672,1,1.0,2.0,-0.8435592927939455,-1.0870617429219,3,0
0.2982588926180273,1,-1.3782448398659108,1,1.0,2.0,-0.2662895818667168,-1.0870617429219,3,0
-0.22835265624189627,1,1.7377869720048444,1,3.0,2.0,-1.2087836603432995,-0.07038529270717342,3,0
0.08761427307405786,2,0.17977106606946672,3,1.0,1.0,-0.848623062188044,-1.4259538929934756,6,0
1.2461596805658897,1,1.7377869720048444,1,1.0,2.0,-0.03968590148080905,0.2685068573644022,1,1
-0.9656088246457893,1,-1.3782448398659108,1,1.0,1.0,-0.8866013326437826,-1.0870617429219,3,0
-0.12303034646991157,1,0.17977106606946672,1,1.0,2.0,-0.18273738686409158,1.285183307579129,1,1
0.6142258219339815,1,0.17977106606946672,1,1.0,2.0,0.34072977425084056,1.285183307579129,3,1
-0.22835265624189627,1,1.7377869720048444,3,1.0,2.0,-0.6543009116895141,-0.07038529270717342,3,0
-0.333674966013881,1,0.17977106606946672,1,1.0,3.0,0.3856707276234647,0.6073990074359777,3,1
-0.333674966013881,1,0.17977106606946672,1,2.0,2.0,2.284584250410401,0.15554280734054365,1,1
-0.01770803669792685,1,1.7377869720048444,1,1.0,3.0,-0.7606400689655826,-1.0870617429219,3,0
-1.070931134417774,2,-1.3782448398659108,1,1.0,1.0,-0.8296339269601746,-0.7481695928503246,1,0
-0.12303034646991157,2,-1.3782448398659108,1,3.0,2.0,-1.1068753012870673,-1.0870617429219,3,0
-1.3868980637337283,2,0.17977106606946672,2,1.0,2.0,0.01981338889984829,0.9462911575075532,1,1
1.3514819903378745,1,-1.3782448398659108,1,3.0,2.0,-0.773932463625091,-0.40927744277874895,3,0
-0.9656088246457893,2,0.17977106606946672,2,1.0,1.0,-0.41567077899262245,-0.07038529270717342,3,0
2.615349707601691,2,0.17977106606946672,2,1.0,2.0,2.4542205251127007,-0.07038529270717342,7,1
-0.12303034646991157,1,0.17977106606946672,1,1.0,2.0,2.4459918998472907,0.6073990074359777,3,1
-1.3868980637337283,1,-1.3782448398659108,2,1.0,1.0,-0.34920880569507967,0.6073990074359777,3,0
1.0355150610219204,2,-1.3782448398659108,1,1.0,2.0,-1.1258644365149368,-1.2000257929457587,3,0
0.2982588926180273,2,0.17977106606946672,1,1.0,2.0,0.5325200400523211,-1.6518819930411928,1,1
-0.5443195855578504,2,-2.9362607458012886,1,1.0,2.0,0.9186324563523315,1.96296760772228,4,1
-1.1762534441897587,2,1.7377869720048444,2,1.0,2.0,-0.18273738686409158,0.6073990074359777,1,1
0.08761427307405786,1,-1.3782448398659108,1,2.0,1.0,1.1654912143146332,-0.07038529270717342,1,1
1.140837370793905,1,1.7377869720048444,1,1.0,2.0,2.6725955802331987,-1.4259538929934756,1,1
-0.8602865148738046,2,-1.3782448398659108,2,2.0,2.0,1.1021940968884019,1.285183307579129,7,1
-0.22835265624189627,1,0.17977106606946672,1,2.0,1.0,-0.13526454879441818,0.6073990074359777,1,1
-1.1762534441897587,1,-1.3782448398659108,1,1.0,2.0,-0.9435687383273907,-0.9740976928980416,3,0
0.7195481317059662,1,0.17977106606946672,1,1.0,2.0,0.3932663817146124,0.2685068573644022,3,1
-1.2815757539617434,1,0.17977106606946672,1,3.0,1.0,-0.035255103260972864,0.6073990074359777,2,1
-0.6496418953298352,1,-1.3782448398659108,1,1.0,1.0,-0.469473328804919,-0.6352055428264661,7,0
-1.1762534441897587,2,0.17977106606946672,2,1.0,1.0,-0.017531910381628123,-0.40927744277874895,1,1
0.2982588926180273,2,-1.3782448398659108,1,1.0,1.0,-0.8005172529441082,-0.7481695928503246,1,0
-0.8602865148738046,1,0.17977106606946672,1,1.0,2.0,1.71491019357432,0.2685068573644022,1,1
-0.12303034646991157,1,0.17977106606946672,1,1.0,2.0,0.31034715788624956,-0.40927744277874895,1,1
1.5621266098818438,2,0.17977106606946672,1,1.0,1.0,-1.3360108663700243,-1.4259538929934756,2,0
-1.1762534441897587,2,-1.3782448398659108,1,1.0,1.0,-0.9891426628742772,-0.07038529270717342,1,0
-1.1762534441897587,2,-1.3782448398659108,2,2.0,2.0,-1.0745937713996894,-0.7481695928503246,7,0
-0.9656088246457893,2,0.17977106606946672,1,1.0,2.0,2.0459541177135097,1.285183307579129,3,1
-0.22835265624189627,2,0.17977106606946672,2,1.0,1.0,-0.7935545700272227,0.6073990074359777,1,0
0.5089035121619967,1,0.17977106606946672,3,1.0,3.0,-0.8024161664668952,-0.40927744277874895,3,0
-0.333674966013881,1,0.17977106606946672,1,1.0,2.0,-0.725193683206893,0.6073990074359777,1,0
0.08761427307405786,1,0.17977106606946672,1,1.0,1.0,-1.1695394475390364,-0.7481695928503246,1,0
2.615349707601691,2,0.17977106606946672,1,1.0,2.0,1.5864170451990707,-0.40927744277874895,1,1
-1.070931134417774,2,0.17977106606946672,2,1.0,1.0,-0.2624917548211429,-0.07038529270717342,2,0
-1.070931134417774,1,-1.3782448398659108,1,1.0,1.0,-0.2055243491375348,-0.7481695928503246,3,0
-0.7549642051018198,1,0.17977106606946672,1,2.0,2.0,-0.047914526746219106,0.6073990074359777,1,1
0.6142258219339815,1,-1.3782448398659108,1,1.0,2.0,-0.8758408226813233,-0.7481695928503246,3,0
-0.333674966013881,1,-1.3782448398659108,1,1.0,1.0,0.3603518806529722,1.285183307579129,2,1
-0.333674966013881,2,0.17977106606946672,2,1.0,2.0,0.2293268475806736,-0.9740976928980416,1,1
-0.6496418953298352,1,0.17977106606946672,2,1.0,2.0,0.6825342083524891,-0.7481695928503246,2,1
-0.12303034646991157,1,-1.3782448398659108,1,1.0,2.0,-0.5593552355501673,-0.7481695928503246,3,0
-0.8602865148738046,2,0.17977106606946672,2,1.0,1.0,0.17299241307132782,0.6073990074359777,1,1
-0.9656088246457893,2,1.7377869720048444,1,1.0,1.0,-0.18273738686409158,1.96296760772228,6,1
0.1929365828460426,1,1.7377869720048444,1,1.0,2.0,0.46605806675477834,0.2685068573644022,1,1
1.878093539197798,1,0.17977106606946672,1,2.0,2.0,-0.199827608569174,0.6073990074359777,3,0
-0.12303034646991157,1,-2.9362607458012886,3,3.0,3.0,-0.6701251910460719,-0.7481695928503246,1,0
-0.9656088246457893,2,0.17977106606946672,2,1.0,1.0,-0.739119049040664,0.6073990074359777,1,0
0.2982588926180273,1,0.17977106606946672,1,1.0,2.0,0.6306305720629795,1.96296760772228,1,1
-0.9656088246457893,2,0.17977106606946672,1,1.0,1.0,0.6141733215321593,-0.07038529270717342,3,1
-0.12303034646991157,2,0.17977106606946672,1,1.0,2.0,0.8439418577893787,-0.07038529270717342,5,1
-0.9656088246457893,1,0.17977106606946672,1,1.0,2.0,1.5155242736816916,2.301859757793856,3,1
-0.333674966013881,1,-1.3782448398659108,1,1.0,2.0,-0.7144331732444338,-0.7481695928503246,6,0
-1.1762534441897587,2,-1.3782448398659108,1,2.0,2.0,-1.077758627271001,-0.7481695928503246,1,0
2.720672017373676,1,1.7377869720048444,1,1.0,2.0,2.487135026174341,0.15554280734054365,1,1
0.6142258219339815,1,0.17977106606946672,1,3.0,2.0,0.08627536219739107,0.3814709073882607,3,1
0.403581202390012,1,0.17977106606946672,1,1.0,2.0,0.13438117144132677,-0.07038529270717342,1,1
1.6674489196538287,1,0.17977106606946672,3,1.0,2.0,2.332690059654337,-0.07038529270717342,6,1
-0.7549642051018198,1,0.17977106606946672,1,1.0,1.0,2.1896385742710542,2.414823807817714,6,1
0.5089035121619967,2,0.17977106606946672,1,1.0,2.0,-0.854952773930667,0.2685068573644022,7,0
0.7195481317059662,1,1.7377869720048444,1,1.0,2.0,2.3890244941636825,0.6073990074359777,1,1
-0.7549642051018198,1,0.17977106606946672,1,1.0,2.0,-0.8340647251800107,-1.4259538929934756,2,0
1.7727712294258133,1,0.17977106606946672,3,1.0,3.0,0.22363010701231278,0.6073990074359777,2,1
-0.22835265624189627,1,0.17977106606946672,2,3.0,2.0,0.33123520663690587,0.6073990074359777,2,1
-1.2815757539617434,2,0.17977106606946672,2,2.0,2.0,-0.15045585697671365,-1.0870617429219,2,0
1.7727712294258133,1,0.17977106606946672,3,1.0,1.0,-0.18273738686409158,-0.07038529270717342,1,1
-1.2815757539617434,2,-1.3782448398659108,2,1.0,2.0,-0.8106447917323052,-0.7481695928503246,2,0
2.0887381587417675,1,0.17977106606946672,1,1.0,2.0,-1.1530821970082161,0.6073990074359777,1,0
0.08761427307405786,1,-2.9362607458012886,1,1.0,2.0,-0.6264501800219724,-1.0870617429219,1,0
2.0887381587417675,1,0.17977106606946672,3,1.0,2.0,-0.5960675636573813,0.6073990074359777,6,0
1.4568043001098592,2,-1.3782448398659108,2,1.0,2.0,-0.4707392711534436,-0.07038529270717342,3,0
-1.070931134417774,2,0.17977106606946672,1,1.0,1.0,1.0971303274943034,0.15554280734054365,2,1
0.08761427307405786,1,0.17977106606946672,1,1.0,2.0,-0.9891426628742772,-0.7481695928503246,3,0
-1.070931134417774,2,-2.9362607458012886,2,1.0,2.0,-0.18273738686409158,-0.7481695928503246,1,1
-1.070931134417774,1,0.17977106606946672,1,1.0,1.0,-0.18273738686409158,1.96296760772228,1,1
-0.8602865148738046,1,-1.3782448398659108,1,1.0,2.0,-1.2334695361395298,-1.4259538929934756,3,0
-0.12303034646991157,1,0.17977106606946672,1,1.0,2.0,-1.0182593368903436,-0.7481695928503246,3,0
2.194060468513752,1,1.7377869720048444,3,1.0,2.0,-0.18273738686409158,2.6407519078654316,1,1
-0.8602865148738046,2,-2.9362607458012886,2,1.0,2.0,-0.4814997811159029,-0.40927744277874895,1,0
-0.8602865148738046,1,0.17977106606946672,1,1.0,2.0,-1.0328176738983768,-1.2000257929457587,7,0
-0.6496418953298352,1,-1.3782448398659108,1,1.0,2.0,-1.3005644806113348,-1.4259538929934756,3,0
-1.070931134417774,1,0.17977106606946672,1,1.0,1.0,-0.18273738686409158,1.96296760772228,1,1
2.0887381587417675,1,0.17977106606946672,1,1.0,1.0,0.3242725237200204,-0.07038529270717342,4,1
1.2461596805658897,1,0.17977106606946672,3,1.0,1.0,0.881287157070855,-0.07038529270717342,1,1
2.0887381587417675,2,0.17977106606946672,2,1.0,2.0,3.0973192381632098,1.96296760772228,1,1
2.931316636917645,1,0.17977106606946672,1,3.0,2.0,-0.7600070977913203,-1.4259538929934756,4,0
-1.070931134417774,2,0.17977106606946672,2,1.0,2.0,-0.6232853241506608,-1.4259538929934756,3,0
-0.8602865148738046,1,0.17977106606946672,1,1.0,1.0,-0.7555762995714841,-0.07038529270717342,3,0
-0.7549642051018198,1,0.17977106606946672,1,1.0,2.0,-0.9100212660914881,-0.7481695928503246,1,0
-1.070931134417774,1,0.17977106606946672,1,1.0,3.0,0.3021185326208395,-0.7481695928503246,3,1
0.7195481317059662,1,0.17977106606946672,1,1.0,1.0,0.10969529564509661,1.96296760772228,2,1
1.3514819903378745,1,-1.3782448398659108,1,1.0,1.0,-1.1442206005685438,-1.2000257929457587,1,0
0.08761427307405786,1,1.7377869720048444,1,1.0,2.0,0.7857085097572459,-0.07038529270717342,2,1
-0.4389972757858657,1,0.17977106606946672,1,1.0,1.0,-0.5929027077860698,0.2685068573644022,1,0
-0.12303034646991157,2,0.17977106606946672,2,1.0,1.0,0.903441148170036,-0.07038529270717342,1,1
0.1929365828460426,1,0.17977106606946672,1,1.0,2.0,1.0294024118482359,-0.07038529270717342,7,1
1.3514819903378745,1,0.17977106606946672,3,1.0,1.0,-0.18273738686409158,1.96296760772228,1,1
0.403581202390012,1,0.17977106606946672,3,1.0,2.0,2.6219578862922135,-0.07038529270717342,7,1
1.0355150610219204,1,0.17977106606946672,1,3.0,2.0,-0.10361599008130257,0.6073990074359777,7,1
-1.1762534441897587,2,0.17977106606946672,2,1.0,1.0,-0.8372295810513223,-0.07038529270717342,1,0
0.8248704414779509,2,0.17977106606946672,1,1.0,2.0,1.6111029209953007,0.6073990074359777,3,1
-0.9656088246457893,2,-1.3782448398659108,1,1.0,3.0,-0.13399860644589356,-0.40927744277874895,3,1
1.4568043001098592,1,0.17977106606946672,1,1.0,1.0,-0.9220477184024721,-0.7481695928503246,1,0
-1.3868980637337283,2,0.17977106606946672,1,1.0,2.0,-1.0461100685578855,-0.7481695928503246,3,0
-1.1762534441897587,2,-1.3782448398659108,2,1.0,2.0,-1.2265068532226444,-1.6518819930411928,2,0
-0.12303034646991157,1,0.17977106606946672,1,1.0,1.0,0.2647732333393631,0.6073990074359777,1,1
1.2461596805658897,1,0.17977106606946672,1,1.0,2.0,0.04576520704460309,0.6073990074359777,3,1
-0.5443195855578504,1,0.17977106606946672,1,1.0,1.0,1.6712351825502205,1.96296760772228,2,1
-0.6496418953298352,1,-1.3782448398659108,1,1.0,2.0,0.2875601956128063,0.2685068573644022,1,1
-1.1762534441897587,2,0.17977106606946672,1,1.0,2.0,-0.3770595373626214,-0.07038529270717342,5,0
1.6674489196538287,1,0.17977106606946672,1,1.0,2.0,-0.6201204682793493,0.6073990074359777,7,0
1.3514819903378745,1,0.17977106606946672,1,1.0,2.0,0.5591048293713382,-0.07038529270717342,2,1
0.08761427307405786,1,0.17977106606946672,1,1.0,2.0,0.9097708599126592,0.2685068573644022,2,1
-0.12303034646991157,1,0.17977106606946672,2,1.0,2.0,2.6725955802331987,-0.07038529270717342,1,1
-0.6496418953298352,1,0.17977106606946672,1,1.0,2.0,-0.816341532300666,0.6073990074359777,1,0
2.615349707601691,1,0.17977106606946672,1,1.0,1.0,-0.7435498472605001,-1.0870617429219,3,0
2.4047050880577214,1,-1.3782448398659108,1,1.0,1.0,-1.1581459664023146,-0.7481695928503246,3,0
-0.12303034646991157,1,0.17977106606946672,2,1.0,1.0,-0.19223195447802627,0.15554280734054365,1,0
0.9301927512499356,1,0.17977106606946672,1,1.0,2.0,0.9515469574139718,0.6073990074359777,1,1
0.08761427307405786,1,0.17977106606946672,3,1.0,2.0,-0.6758219316144327,-0.40927744277874895,3,0
-0.22835265624189627,1,-1.3782448398659108,3,1.0,1.0,-0.6941780956680398,-0.07038529270717342,1,0
1.140837370793905,1,0.17977106606946672,1,1.0,2.0,-0.18273738686409158,1.96296760772228,1,1
-0.12303034646991157,1,0.17977106606946672,1,2.0,2.0,-0.6739230180916458,0.6073990074359777,1,0
0.6142258219339815,2,0.17977106606946672,1,1.0,2.0,-1.041046299163787,-0.9740976928980416,6,0
-0.6496418953298352,1,0.17977106606946672,3,1.0,2.0,0.5091001066046156,-0.40927744277874895,2,1
-0.5443195855578504,2,0.17977106606946672,1,1.0,1.0,0.8990103499501998,-0.40927744277874895,1,1
-0.8602865148738046,1,0.17977106606946672,2,2.0,2.0,0.6572153613819965,-1.0870617429219,1,1
-0.6496418953298352,1,0.17977106606946672,1,1.0,2.0,-0.23400805197933885,-0.07038529270717342,7,0
0.08761427307405786,2,0.17977106606946672,1,1.0,1.0,-0.0631058349285146,0.6073990074359777,3,1
-0.9656088246457893,1,-1.3782448398659108,2,1.0,2.0,-0.20805623383458408,-0.9740976928980416,2,0
-1.492220373505713,2,0.17977106606946672,2,3.0,2.0,-0.20109355091769862,-0.40927744277874895,2,0
-0.7549642051018198,2,0.17977106606946672,1,1.0,1.0,-0.0947543936416302,-0.07038529270717342,3,1
0.8248704414779509,1,0.17977106606946672,1,1.0,2.0,0.5015044525134678,-0.7481695928503246,2,1
0.2982588926180273,1,0.17977106606946672,1,1.0,2.0,3.0827609011551766,1.96296760772228,7,1
-1.070931134417774,2,0.17977106606946672,2,1.0,1.0,-1.1942253233352664,-0.7481695928503246,2,0
0.6142258219339815,2,0.17977106606946672,1,3.0,2.0,-0.18273738686409158,1.96296760772228,2,1
1.2461596805658897,1,0.17977106606946672,1,1.0,3.0,-0.7568422419200087,-1.4259538929934756,1,0
-0.8602865148738046,1,0.17977106606946672,1,2.0,1.0,-0.7321563661237785,0.6073990074359777,7,0
-1.070931134417774,2,0.17977106606946672,1,1.0,2.0,-1.0537057226490332,-0.40927744277874895,4,0
-0.5443195855578504,1,-1.3782448398659108,1,1.0,1.0,0.6654439866474067,-0.7481695928503246,2,1
0.1929365828460426,1,1.7377869720048444,3,1.0,1.0,-0.37895845088540836,-0.07038529270717342,3,0
-0.6496418953298352,1,0.17977106606946672,1,1.0,2.0,0.6686088425187182,1.96296760772228,3,1
-0.7549642051018198,1,1.7377869720048444,3,1.0,1.0,-0.706837519153286,-1.0870617429219,1,0
0.1929365828460426,1,0.17977106606946672,1,1.0,2.0,2.6605691279222143,1.285183307579129,3,1
0.403581202390012,1,1.7377869720048444,1,1.0,2.0,-0.18273738686409158,0.6073990074359777,1,1
1.4568043001098592,1,0.17977106606946672,3,1.0,2.0,-0.18273738686409158,0.6073990074359777,1,1
0.1929365828460426,1,0.17977106606946672,1,1.0,2.0,-0.22641239788819112,1.285183307579129,1,0
-0.12303034646991157,2,-2.9362607458012886,1,1.0,2.0,-0.9119201796142752,-0.07038529270717342,3,0
0.9301927512499356,1,0.17977106606946672,1,1.0,2.0,0.9610415250279064,0.6073990074359777,2,1
1.9834158489697828,2,0.17977106606946672,1,1.0,1.0,-1.1037104454157558,-0.7481695928503246,6,0
-0.01770803669792685,1,0.17977106606946672,1,1.0,2.0,0.1812210383367379,0.6073990074359777,7,1
-0.01770803669792685,1,1.7377869720048444,1,1.0,2.0,2.579548817616639,1.96296760772228,1,1
0.6142258219339815,1,0.17977106606946672,2,1.0,2.0,-0.18273738686409158,1.059255207531412,1,1
0.9301927512499356,1,1.7377869720048444,1,1.0,1.0,-0.06120692140572766,0.9462911575075532,7,1
1.2461596805658897,1,0.17977106606946672,1,1.0,2.0,-0.449218251228525,-0.40927744277874895,3,0
0.403581202390012,1,-1.3782448398659108,1,1.0,1.0,-0.23274210963081424,-0.7481695928503246,1,0
-0.01770803669792685,1,0.17977106606946672,1,1.0,2.0,2.0643102817671166,1.96296760772228,1,1
-0.5443195855578504,1,0.17977106606946672,1,1.0,2.0,-0.866979226241651,-0.07038529270717342,3,0
-0.333674966013881,1,1.7377869720048444,1,1.0,2.0,-0.18273738686409158,1.96296760772228,1,1
-0.6496418953298352,2,1.7377869720048444,2,1.0,1.0,0.04260035117329153,0.2685068573644022,3,1
-0.12303034646991157,2,-1.3782448398659108,2,1.0,2.0,-0.22324754201687955,-0.40927744277874895,2,0
0.8248704414779509,1,0.17977106606946672,1,1.0,1.0,1.0218067577570882,-0.07038529270717342,2,1
0.9301927512499356,1,0.17977106606946672,2,1.0,1.0,0.05462680348427546,-0.29631339275489044,1,1
1.0355150610219204,1,0.17977106606946672,1,1.0,2.0,0.5989820133498639,0.15554280734054365,1,1
0.8248704414779509,1,0.17977106606946672,3,1.0,2.0,-0.18273738686409158,1.96296760772228,1,1
0.6142258219339815,1,0.17977106606946672,2,1.0,2.0,-0.7296244814267292,-0.40927744277874895,3,0
0.1929365828460426,1,1.7377869720048444,1,1.0,2.0,-0.7979853682470589,0.6073990074359777,3,0
-1.492220373505713,1,1.7377869720048444,2,1.0,1.0,-0.9062234390459143,-0.7481695928503246,3,0
-1.070931134417774,1,-1.3782448398659108,1,1.0,1.0,0.7749479997947867,0.2685068573644022,1,1
-0.7549642051018198,1,0.17977106606946672,1,1.0,2.0,0.7420334987331464,1.96296760772228,6,1
1.2461596805658897,2,-1.3782448398659108,1,1.0,2.0,0.6679758713444559,-0.40927744277874895,1,1
-0.12303034646991157,2,-1.3782448398659108,1,1.0,2.0,0.41542037281379335,-1.0870617429219,1,1
-0.01770803669792685,2,0.17977106606946672,1,1.0,2.0,1.2123310812100443,1.96296760772228,3,1
-0.9656088246457893,2,-1.3782448398659108,1,1.0,2.0,1.3908289523520163,0.6073990074359777,2,1
-0.9656088246457893,2,0.17977106606946672,1,1.0,2.0,0.2862942532642817,1.285183307579129,3,1
-0.333674966013881,1,0.17977106606946672,2,1.0,1.0,0.39389935288887473,0.6073990074359777,7,1
-0.22835265624189627,1,0.17977106606946672,1,2.0,2.0,0.19577937534477105,-0.9740976928980416,1,1
-0.12303034646991157,1,0.17977106606946672,1,2.0,1.0,-0.11374352886949957,0.6073990074359777,2,1
0.5089035121619967,1,1.7377869720048444,2,1.0,1.0,0.5103660489531402,0.6073990074359777,2,1
-0.6496418953298352,2,0.17977106606946672,1,1.0,2.0,-0.45681390531967275,-0.07038529270717342,2,0
-1.2815757539617434,2,0.17977106606946672,2,1.0,1.0,-0.7422839049119755,-1.0870617429219,3,0
-0.4389972757858657,1,0.17977106606946672,2,1.0,2.0,-0.339714238081145,-0.7481695928503246,1,0
2.194060468513752,1,0.17977106606946672,1,1.0,1.0,2.742855380576315,0.6073990074359777,2,1
1.2461596805658897,1,0.17977106606946672,1,1.0,1.0,-1.1657416204934623,-0.7481695928503246,1,0
-1.3868980637337283,2,0.17977106606946672,2,1.0,1.0,-0.9429357671531284,-0.07038529270717342,2,0
0.5089035121619967,1,0.17977106606946672,3,1.0,1.0,-0.18273738686409158,-0.07038529270717342,1,1
2.5100273978297065,1,0.17977106606946672,1,1.0,2.0,-0.42516534660655714,1.285183307579129,3,0
0.9301927512499356,1,-1.3782448398659108,1,1.0,1.0,-0.7562092707457464,-0.7481695928503246,1,0
-1.070931134417774,1,-1.3782448398659108,1,1.0,1.0,-0.5011218875180345,0.6073990074359777,2,0
-1.2815757539617434,2,0.17977106606946672,1,1.0,2.0,-0.5498606679362326,-1.0870617429219,3,0
-0.4389972757858657,1,0.17977106606946672,1,1.0,2.0,-0.8321658116572238,-1.0870617429219,1,0
0.8248704414779509,1,0.17977106606946672,1,3.0,2.0,-1.276511575989367,-0.7481695928503246,3,0
-1.1762534441897587,2,0.17977106606946672,1,1.0,1.0,-0.6587317099093503,-0.7481695928503246,3,0
-0.4389972757858657,1,1.7377869720048444,1,2.0,2.0,-0.3922508455449169,1.285183307579129,3,0
-0.6496418953298352,2,-1.3782448398659108,1,1.0,3.0,-1.1353590041288715,-1.0870617429219,3,0
-0.4389972757858657,1,1.7377869720048444,2,1.0,2.0,-0.30110299645114397,-1.4259538929934756,3,0
1.2461596805658897,1,1.7377869720048444,1,1.0,2.0,2.7238662453484457,0.6073990074359777,1,1
1.140837370793905,1,1.7377869720048444,1,1.0,2.0,0.625566802668881,-0.7481695928503246,1,1
-0.333674966013881,1,-1.3782448398659108,1,1.0,2.0,-0.6283490935447593,-0.9740976928980416,1,0
-0.333674966013881,1,0.17977106606946672,1,1.0,2.0,-1.018892308064606,0.6073990074359777,2,0
0.8248704414779509,1,-1.3782448398659108,1,1.0,2.0,-0.6859494704026297,-1.6518819930411928,1,0
1.2461596805658897,2,0.17977106606946672,2,1.0,1.0,-0.439090712440328,-0.40927744277874895,2,0
-0.4389972757858657,2,0.17977106606946672,1,3.0,2.0,-0.18273738686409158,-0.07038529270717342,1,1
-0.4389972757858657,1,0.17977106606946672,3,3.0,1.0,0.5128979336501894,0.6073990074359777,2,1
0.403581202390012,1,1.7377869720048444,1,1.0,2.0,0.2027420582616565,-0.7481695928503246,1,1
0.9301927512499356,1,-1.3782448398659108,1,1.0,2.0,-0.6365777188101693,-0.07038529270717342,2,0
-0.333674966013881,1,0.17977106606946672,1,2.0,2.0,0.6850660930495384,0.6073990074359777,3,1
0.6142258219339815,1,-2.9362607458012886,1,1.0,2.0,0.6654439866474067,-0.07038529270717342,7,1
-1.070931134417774,1,0.17977106606946672,1,1.0,1.0,-0.24919936016163435,1.96296760772228,7,0
-0.6496418953298352,2,0.17977106606946672,2,3.0,2.0,0.9964879107865959,0.6073990074359777,1,1
-0.8602865148738046,2,1.7377869720048444,1,1.0,2.0,-0.18273738686409158,1.96296760772228,2,1
-0.5443195855578504,2,0.17977106606946672,1,1.0,1.0,-0.408708096075737,-0.7481695928503246,1,0
1.5621266098818438,1,-1.3782448398659108,1,1.0,3.0,0.7072200841487193,1.285183307579129,3,1
0.2982588926180273,1,-1.3782448398659108,1,1.0,2.0,-0.8764737938555857,-1.0870617429219,3,0
1.140837370793905,1,-1.3782448398659108,1,1.0,1.0,0.9287599951405284,1.059255207531412,1,1
-0.4389972757858657,1,0.17977106606946672,3,2.0,2.0,0.33566600485674203,0.6073990074359777,2,1
-0.4389972757858657,1,0.17977106606946672,2,1.0,2.0,-0.5055526857378707,-1.4259538929934756,3,0
1.3514819903378745,1,0.17977106606946672,1,1.0,2.0,-0.11754135591507343,0.2685068573644022,1,1
-0.5443195855578504,1,0.17977106606946672,1,1.0,2.0,0.643922966722488,-0.40927744277874895,1,1
0.08761427307405786,1,0.17977106606946672,1,3.0,2.0,-0.0896906242475317,0.6073990074359777,3,1
-1.2815757539617434,1,-1.3782448398659108,1,1.0,2.0,-1.3195536158392043,-1.4259538929934756,5,0
-0.8602865148738046,2,0.17977106606946672,1,1.0,2.0,-0.5213769650944285,1.285183307579129,3,0
-1.1762534441897587,1,-1.3782448398659108,1,3.0,2.0,-0.011835169813267314,0.9462911575075532,3,1
2.0887381587417675,2,1.7377869720048444,2,1.0,2.0,0.6515186208136358,-0.40927744277874895,3,1
-0.5443195855578504,1,0.17977106606946672,2,1.0,2.0,2.9289489058094347,2.6407519078654316,3,1
0.6142258219339815,1,-1.3782448398659108,1,1.0,1.0,0.8863509264649536,-0.8611336428741831,1,1
-1.2815757539617434,1,0.17977106606946672,1,2.0,2.0,-0.6486041711211533,-0.40927744277874895,5,0
0.9301927512499356,1,-1.3782448398659108,1,1.0,2.0,3.0726333623669797,0.6073990074359777,1,1
-0.5443195855578504,2,-2.9362607458012886,2,1.0,1.0,-0.8517879180593555,0.6073990074359777,1,0
-0.12303034646991157,2,0.17977106606946672,1,1.0,2.0,0.18501886538231174,1.285183307579129,3,1
2.4047050880577214,2,-1.3782448398659108,1,3.0,3.0,-0.8106447917323052,0.6073990074359777,3,0
-0.12303034646991157,2,0.17977106606946672,1,1.0,2.0,-1.130295234734773,-1.4259538929934756,3,0
0.8248704414779509,1,0.17977106606946672,1,1.0,2.0,-0.07070148901966233,-0.07038529270717342,7,1
1.3514819903378745,1,-1.3782448398659108,1,1.0,2.0,-0.00044168867654569574,0.6073990074359777,1,1
-0.9656088246457893,1,0.17977106606946672,2,2.0,2.0,-0.8068469646867313,-0.40927744277874895,1,0
1.5621266098818438,1,0.17977106606946672,1,1.0,2.0,-0.18273738686409158,1.285183307579129,2,1
-0.12303034646991157,1,1.7377869720048444,2,1.0,2.0,1.459189839172346,-0.07038529270717342,7,1
-0.6496418953298352,2,1.7377869720048444,1,2.0,3.0,0.24325221341444447,0.2685068573644022,1,1
-0.8602865148738046,1,0.17977106606946672,1,1.0,1.0,-0.18273738686409158,1.96296760772228,1,1
-0.4389972757858657,1,-1.3782448398659108,1,1.0,2.0,-0.3232569875503249,0.6073990074359777,2,0
-0.9656088246457893,2,0.17977106606946672,2,1.0,1.0,-0.6998748362364006,-0.40927744277874895,2,0
-0.12303034646991157,1,0.17977106606946672,1,1.0,3.0,2.373833185981387,2.6407519078654316,7,1
-0.12303034646991157,2,0.17977106606946672,1,2.0,2.0,-0.7150661444186961,-0.6352055428264661,3,0
-0.5443195855578504,1,1.7377869720048444,3,1.0,1.0,2.5573948265174575,0.6073990074359777,1,1
1.4568043001098592,1,-1.3782448398659108,1,1.0,2.0,-0.5036537722150838,0.6073990074359777,3,0
0.2982588926180273,1,-1.3782448398659108,1,1.0,2.0,0.6496197072908488,-0.7481695928503246,6,1
-0.01770803669792685,1,-1.3782448398659108,1,2.0,2.0,-0.6137907565367261,-0.40927744277874895,3,0
-1.1762534441897587,1,-1.3782448398659108,2,1.0,1.0,-0.3814903355824576,-0.07038529270717342,3,0
-0.4389972757858657,1,1.7377869720048444,1,1.0,1.0,0.8990103499501998,1.96296760772228,2,1
1.6674489196538287,1,0.17977106606946672,1,1.0,2.0,-0.09412142246736789,-0.7481695928503246,1,1
-0.333674966013881,2,-1.3782448398659108,1,1.0,2.0,-0.5080845704349201,-0.7481695928503246,2,0
0.6142258219339815,1,1.7377869720048444,1,1.0,1.0,0.834447290175444,1.285183307579129,1,1
0.403581202390012,1,0.17977106606946672,1,1.0,2.0,-1.098013704847395,-0.7481695928503246,3,0
-1.1762534441897587,1,0.17977106606946672,3,1.0,1.0,-0.439090712440328,-0.07038529270717342,3,0
-0.7549642051018198,1,0.17977106606946672,1,2.0,2.0,1.2895535644700462,-0.07038529270717342,1,1
